n,rep,sens,spec,dor,fp,n_neg,lrp,lrp_lo,lrp_hi,lrp_ratio,degenerate
100,0,0.5625,0.9880952380952381,106.7142857142861,1,84,47.25000000000017,11.941805704753428,157.65141349087804,13.20163946630994,False
100,1,0.875,0.7380952380952381,19.72727272727273,22,84,3.3409090909090913,2.6449762563184556,3.5585394343507493,1.34539560642555,False
100,2,0.9375,0.5714285714285714,20.0,36,84,2.1875,1.8475730105273285,2.184030797162679,1.1821079788015088,False
100,3,0.625,0.9880952380952381,138.33333333333383,1,84,52.500000000000185,12.658823788323277,183.60711068770115,14.504278893356869,False
100,4,0.1875,0.9880952380952381,19.153846153846224,1,84,15.750000000000057,6.678783980548805,31.32044786181286,4.689543478727577,True
100,5,0.25,0.9880952380952381,27.666666666666764,1,84,21.000000000000075,7.68650326332805,48.380908318978605,6.294267583258784,True
100,6,0.4375,0.9642857142857143,21.000000000000007,3,84,12.250000000000005,6.694324994461035,18.902951887972087,2.8237278446464154,True
100,7,0.3125,0.9880952380952381,37.72727272727286,1,84,26.250000000000092,8.633333078325286,67.30454041886799,7.79589294288225,True
100,8,0.9375,0.7619047619047619,47.999999999999986,20,84,3.937499999999999,2.914021406823318,4.486551320309853,1.539642539963633,False
100,9,0.3125,0.9880952380952381,37.72727272727286,1,84,26.250000000000092,8.633333078325286,67.30454041886799,7.79589294288225,True
100,10,0.375,0.9761904761904762,24.599999999999973,2,84,15.749999999999982,7.418074445568764,28.19903021707529,3.8013948800311876,True
100,11,0.5,0.9880952380952381,83.0000000000003,1,84,42.00000000000015,11.18076483582524,133.04278021662054,11.899255745933127,False
100,12,0.25,0.9880952380952381,27.666666666666764,1,84,21.000000000000075,7.68650326332805,48.380908318978605,6.294267583258784,True
100,13,0.375,0.9761904761904762,24.599999999999973,2,84,15.749999999999982,7.418074445568764,28.19903021707529,3.8013948800311876,True
100,14,0.9375,0.7261904761904762,39.78260869565217,23,84,3.4239130434782608,2.6197172925283194,3.7735948467417706,1.4404588073317754,False
100,15,0.5,0.9880952380952381,83.0000000000003,1,84,42.00000000000015,11.18076483582524,133.04278021662054,11.899255745933127,False
100,16,0.9375,0.8095238095238095,63.75,16,84,4.921875,3.442706443368422,5.933697625171738,1.723556080885617,False
100,17,0.875,0.7261904761904762,18.565217391304344,23,84,3.195652173913043,2.556514124513628,3.3684883815850695,1.3176099241094232,False
100,18,0.625,0.9642857142857143,45.000000000000014,3,84,17.500000000000007,8.166717450433968,31.622253161968597,3.8720885538030014,False
100,19,0.3125,0.9880952380952381,37.72727272727286,1,84,26.250000000000092,8.633333078325286,67.30454041886799,7.79589294288225,True
100,20,0.375,0.9880952380952381,49.80000000000018,1,84,31.500000000000114,9.52829487517421,87.81529462867944,9.216265426197138,True
100,21,0.9375,0.7023809523809523,35.39999999999999,25,84,3.1499999999999995,2.4568906264465618,3.4056461967239167,1.3861610932390402,False
100,22,0.9375,0.7976190476190477,59.11764705882355,17,84,4.632352941176472,3.291660233645527,5.4973390808123765,1.6700809593352384,False
100,23,0.5625,0.9642857142857143,34.71428571428573,3,84,15.750000000000007,7.704140184703483,27.151959910911422,3.5243335738907566,False
100,24,0.25,0.9880952380952381,27.666666666666764,1,84,21.000000000000075,7.68650326332805,48.380908318978605,6.294267583258784,True
100,25,0.4375,0.9880952380952381,64.55555555555578,1,84,36.75000000000013,10.376541248178894,109.75550546136719,10.577272603299248,True
100,26,0.3125,0.9880952380952381,37.72727272727286,1,84,26.250000000000092,8.633333078325286,67.30454041886799,7.79589294288225,True
100,27,0.8125,0.8928571428571429,36.11111111111113,9,84,7.583333333333337,4.88415669931401,9.928758506001225,2.0328501146156386,False
100,28,0.9375,0.5119047619047619,15.73170731707317,41,84,1.920731707317073,1.6671683366423413,1.8660281978615427,1.1192800132107252,False
100,29,0.25,0.9880952380952381,27.666666666666764,1,84,21.000000000000075,7.68650326332805,48.380908318978605,6.294267583258784,True
100,30,0.4375,0.9880952380952381,64.55555555555578,1,84,36.75000000000013,10.376541248178894,109.75550546136719,10.577272603299248,True
100,31,0.75,0.9523809523809523,59.99999999999993,4,84,15.749999999999982,7.733949233036411,27.047307803568607,3.49721817257774,False
100,32,0.5625,0.9880952380952381,106.7142857142861,1,84,47.25000000000017,11.941805704753428,157.65141349087804,13.20163946630994,False
100,33,0.9375,0.9642857142857143,405.00000000000017,3,84,26.25000000000001,9.906781882529295,58.65300377153363,5.920490071046055,False
100,34,0.25,0.9880952380952381,27.666666666666764,1,84,21.000000000000075,7.68650326332805,48.380908318978605,6.294267583258784,True
100,35,0.25,0.9880952380952381,27.666666666666764,1,84,21.000000000000075,7.68650326332805,48.380908318978605,6.294267583258784,True
100,36,0.5,0.9880952380952381,83.0000000000003,1,84,42.00000000000015,11.18076483582524,133.04278021662054,11.899255745933127,False
100,37,0.9375,0.6904761904761905,33.46153846153846,26,84,3.0288461538461537,2.383476840095489,3.2456952265464123,1.3617481705491965,False
100,38,0.9375,0.8214285714285714,68.99999999999999,15,84,5.249999999999999,3.6097634440585926,6.438787739137137,1.7837145948538295,False
100,39,0.3125,0.9880952380952381,37.72727272727286,1,84,26.250000000000092,8.633333078325286,67.30454041886799,7.79589294288225,True
100,40,0.9375,0.9523809523809523,299.99999999999966,4,84,19.68749999999998,8.514937609736931,38.38520958522396,4.507984831424957,False
100,41,0.9375,0.7619047619047619,47.999999999999986,20,84,3.937499999999999,2.914021406823318,4.486551320309853,1.539642539963633,False
100,42,0.4375,0.9880952380952381,64.55555555555578,1,84,36.75000000000013,10.376541248178894,109.75550546136719,10.577272603299248,True
100,43,0.9375,0.8333333333333334,75.00000000000001,14,84,5.625000000000001,3.7956167148213655,7.029540658469906,1.8520154132055824,False
100,44,0.9375,0.7857142857142857,55.0,18,84,4.375,3.1543722985829965,5.116905644664606,1.6221628775281904,False
100,45,0.4375,0.9880952380952381,64.55555555555578,1,84,36.75000000000013,10.376541248178894,109.75550546136719,10.577272603299248,True
100,46,0.9375,0.7380952380952381,42.27272727272728,22,84,3.579545454545455,2.7103664206519964,3.9865021191120986,1.4708351198333987,False
100,47,0.9375,0.75,45.0,21,84,3.75,2.808166124050876,4.222833747031694,1.5037692075496272,False
100,48,0.875,0.8452380952380952,38.230769230769226,13,84,5.653846153846153,3.907160851636747,6.899075963736987,1.765751712230352,False
100,49,0.3125,0.9880952380952381,37.72727272727286,1,84,26.250000000000092,8.633333078325286,67.30454041886799,7.79589294288225,True
100,50,0.4375,0.9642857142857143,21.000000000000007,3,84,12.250000000000005,6.694324994461035,18.902951887972087,2.8237278446464154,True
100,51,0.9375,0.7738095238095238,51.31578947368423,19,84,4.144736842105264,3.029000196231528,4.782542803942685,1.5789179577778811,False
100,52,0.9375,0.40476190476190477,10.2,50,84,1.575,1.4252996615724556,1.4676387785873022,1.0297054143464373,True
100,53,0.4375,0.9880952380952381,64.55555555555578,1,84,36.75000000000013,10.376541248178894,109.75550546136719,10.577272603299248,True
100,54,0.4375,0.9880952380952381,64.55555555555578,1,84,36.75000000000013,10.376541248178894,109.75550546136719,10.577272603299248,True
100,55,0.125,0.9880952380952381,11.8571428571429,1,84,10.500000000000037,5.593946286612779,16.619752435171453,2.971024672679682,True
100,56,0.9375,0.7976190476190477,59.11764705882355,17,84,4.632352941176472,3.291660233645527,5.4973390808123765,1.6700809593352384,False
100,57,0.75,0.8690476190476191,19.909090909090914,11,84,5.727272727272728,4.092637432896385,6.758599324041041,1.6514043657314492,False
100,58,0.375,0.9761904761904762,24.599999999999973,2,84,15.749999999999982,7.418074445568764,28.19903021707529,3.8013948800311876,True
100,59,0.9375,0.8571428571428571,89.99999999999997,12,84,6.562499999999998,4.238613107462056,8.567992943505354,2.0214142518507874,False
100,60,0.25,0.9880952380952381,27.666666666666764,1,84,21.000000000000075,7.68650326332805,48.380908318978605,6.294267583258784,True
100,61,0.9375,0.7261904761904762,39.78260869565217,23,84,3.4239130434782608,2.6197172925283194,3.7735948467417706,1.4404588073317754,False
100,62,0.9375,0.7261904761904762,39.78260869565217,23,84,3.4239130434782608,2.6197172925283194,3.7735948467417706,1.4404588073317754,False
100,63,0.4375,0.9880952380952381,64.55555555555578,1,84,36.75000000000013,10.376541248178894,109.75550546136719,10.577272603299248,True
100,64,0.1875,0.9880952380952381,19.153846153846224,1,84,15.750000000000057,6.678783980548805,31.32044786181286,4.689543478727577,True
100,65,0.4375,0.9880952380952381,64.55555555555578,1,84,36.75000000000013,10.376541248178894,109.75550546136719,10.577272603299248,True
100,66,0.375,0.9880952380952381,49.80000000000018,1,84,31.500000000000114,9.52829487517421,87.81529462867944,9.216265426197138,True
100,67,0.3125,0.9880952380952381,37.72727272727286,1,84,26.250000000000092,8.633333078325286,67.30454041886799,7.79589294288225,True
100,68,0.9375,0.7738095238095238,51.31578947368423,19,84,4.144736842105264,3.029000196231528,4.782542803942685,1.5789179577778811,False
100,69,0.375,0.9880952380952381,49.80000000000018,1,84,31.500000000000114,9.52829487517421,87.81529462867944,9.216265426197138,True
100,70,0.9375,0.3333333333333333,7.499999999999999,56,84,1.4062499999999998,1.278632971262173,1.3041976577955556,1.0199937645187946,True
100,71,0.5625,0.9761904761904762,52.71428571428566,2,84,23.624999999999975,9.297067827233784,50.62463198001974,5.445225626054447,False
100,72,0.3125,0.9880952380952381,37.72727272727286,1,84,26.250000000000092,8.633333078325286,67.30454041886799,7.79589294288225,True
100,73,0.9375,0.7380952380952381,42.27272727272728,22,84,3.579545454545455,2.7103664206519964,3.9865021191120986,1.4708351198333987,False
100,74,0.375,0.9880952380952381,49.80000000000018,1,84,31.500000000000114,9.52829487517421,87.81529462867944,9.216265426197138,True
100,75,0.1875,0.9880952380952381,19.153846153846224,1,84,15.750000000000057,6.678783980548805,31.32044786181286,4.689543478727577,True
100,76,0.5,0.9761904761904762,40.99999999999995,2,84,20.999999999999975,8.70457379805142,42.722368527668024,4.908036799829501,False
100,77,0.9375,0.6904761904761905,33.46153846153846,26,84,3.0288461538461537,2.383476840095489,3.2456952265464123,1.3617481705491965,False
100,78,0.9375,0.5714285714285714,20.0,36,84,2.1875,1.8475730105273285,2.184030797162679,1.1821079788015088,False
100,79,0.25,0.9761904761904762,13.66666666666665,2,84,10.499999999999988,5.984182288694358,15.535957618604453,2.59617051572039,True
100,80,0.1875,0.9880952380952381,19.153846153846224,1,84,15.750000000000057,6.678783980548805,31.32044786181286,4.689543478727577,True
100,81,0.375,0.9880952380952381,49.80000000000018,1,84,31.500000000000114,9.52829487517421,87.81529462867944,9.216265426197138,True
100,82,0.375,0.9880952380952381,49.80000000000018,1,84,31.500000000000114,9.52829487517421,87.81529462867944,9.216265426197138,True
100,83,0.9375,0.5357142857142857,17.307692307692307,39,84,2.019230769230769,1.7344080348524362,1.9823707370733592,1.1429667628598248,False
100,84,0.4375,0.9880952380952381,64.55555555555578,1,84,36.75000000000013,10.376541248178894,109.75550546136719,10.577272603299248,True
100,85,0.9375,0.47619047619047616,13.636363636363637,44,84,1.7897727272727273,1.5766161113180193,1.7133025284238004,1.0866960676886106,True
100,86,0.3125,0.9880952380952381,37.72727272727286,1,84,26.250000000000092,8.633333078325286,67.30454041886799,7.79589294288225,True
100,87,0.25,0.9880952380952381,27.666666666666764,1,84,21.000000000000075,7.68650326332805,48.380908318978605,6.294267583258784,True
100,88,0.5,0.9880952380952381,83.0000000000003,1,84,42.00000000000015,11.18076483582524,133.04278021662054,11.899255745933127,False
100,89,0.4375,0.9880952380952381,64.55555555555578,1,84,36.75000000000013,10.376541248178894,109.75550546136719,10.577272603299248,True
100,90,0.25,0.9880952380952381,27.666666666666764,1,84,21.000000000000075,7.68650326332805,48.380908318978605,6.294267583258784,True
100,91,0.9375,0.75,45.0,21,84,3.75,2.808166124050876,4.222833747031694,1.5037692075496272,False
100,92,0.25,0.9880952380952381,27.666666666666764,1,84,21.000000000000075,7.68650326332805,48.380908318978605,6.294267583258784,True
100,93,0.9375,0.75,45.0,21,84,3.75,2.808166124050876,4.222833747031694,1.5037692075496272,False
100,94,0.25,0.9880952380952381,27.666666666666764,1,84,21.000000000000075,7.68650326332805,48.380908318978605,6.294267583258784,True
100,95,0.25,0.9880952380952381,27.666666666666764,1,84,21.000000000000075,7.68650326332805,48.380908318978605,6.294267583258784,True
100,96,0.9375,0.8928571428571429,125.00000000000006,9,84,8.750000000000004,5.170673315086938,12.486285198407781,2.4148277095703237,False
100,97,0.875,0.7619047619047619,22.399999999999995,20,84,3.6749999999999994,2.843717872507174,4.004906888427039,1.4083348165956064,False
100,98,0.4375,0.9642857142857143,21.000000000000007,3,84,12.250000000000005,6.694324994461035,18.902951887972087,2.8237278446464154,True
100,99,0.9375,0.5357142857142857,17.307692307692307,39,84,2.019230769230769,1.7344080348524362,1.9823707370733592,1.1429667628598248,False
300,0,0.9787234042553191,0.4505928853754941,37.72661870503592,139,253,1.7814174192560845,1.6344493547260317,1.822147020797353,1.114838471763344,True
300,1,0.2553191489361702,0.9960474308300395,86.40000000000047,1,253,64.59574468085142,17.920971430975893,218.50921915080386,12.192933848056743,True
300,2,0.3404255319148936,0.9960474308300395,130.06451612903302,1,253,86.12765957446858,21.922114108200528,317.5604083907677,14.485847798409921,True
300,3,0.0851063829787234,0.9960474308300395,23.441860465116413,1,253,21.531914893617145,9.041036012391995,48.12498464948692,5.322950222023775,True
300,4,0.1276595744680851,0.9960474308300395,36.87804878048801,1,253,32.29787234042571,11.418984254601549,85.7321760520951,7.507863584061542,True
300,5,0.9787234042553191,0.7549407114624506,141.70967741935462,62,253,3.99382292381606,3.303010099158579,4.532013587506829,1.372085900876092,False
300,6,0.9787234042553191,0.44664031620553357,37.12857142857137,140,253,1.7686930091185409,1.6242054950791018,1.8075380030332755,1.1128751925231266,True
300,7,0.23404255319148937,0.9920948616600791,38.34722222222245,2,253,29.606382978723577,13.125546535207356,62.672468884807046,4.774846420047907,True
300,8,0.9787234042553191,0.391304347826087,29.571428571428527,154,253,1.60790273556231,1.4940993618536684,1.6239160040562644,1.0868862175548604,True
300,9,0.2978723404255319,0.9960474308300395,106.90909090909153,1,253,75.36170212766001,19.948327408570076,267.1888952093298,13.39405002419109,True
300,10,0.2553191489361702,0.9960474308300395,86.40000000000047,1,253,64.59574468085142,17.920971430975893,218.50921915080386,12.192933848056743,True
300,11,0.1276595744680851,0.9960474308300395,36.87804878048801,1,253,32.29787234042571,11.418984254601549,85.7321760520951,7.507863584061542,True
300,12,0.2127659574468085,0.9920948616600791,33.91891891891911,2,253,26.91489361702143,12.307422365659672,55.238480587258756,4.488224987011567,True
300,13,0.2553191489361702,0.9960474308300395,86.40000000000047,1,253,64.59574468085142,17.920971430975893,218.50921915080386,12.192933848056743,True
300,14,0.10638297872340426,0.9960474308300395,30.000000000000174,1,253,26.91489361702143,10.248848262370139,66.3336302793016,6.472300943595134,True
300,15,0.2553191489361702,0.9960474308300395,86.40000000000047,1,253,64.59574468085142,17.920971430975893,218.50921915080386,12.192933848056743,True
300,16,0.9787234042553191,0.5138339920948617,48.61788617886172,123,253,2.013146514443868,1.8196079677936863,2.090241331719575,1.1487316876579947,False
300,17,0.2127659574468085,0.9960474308300395,68.1081081081085,1,253,53.82978723404286,15.832537431637927,171.75852306938563,10.848452044469076,True
300,18,0.2127659574468085,0.9960474308300395,68.1081081081085,1,253,53.82978723404286,15.832537431637927,171.75852306938563,10.848452044469076,True
300,19,0.1702127659574468,0.9960474308300395,51.69230769230799,1,253,43.06382978723429,13.67148055577706,127.30141919500186,9.311458161070126,True
300,20,0.9787234042553191,0.4782608695652174,42.16666666666661,132,253,1.875886524822695,1.7102541920611996,1.9309719175521523,1.129055509125777,True
300,21,0.2765957446808511,0.9920948616600791,47.98529411764734,2,253,34.989361702127866,14.724363424197453,78.02953263294245,5.299348459758316,True
300,22,0.1276595744680851,0.9960474308300395,36.87804878048801,1,253,32.29787234042571,11.418984254601549,85.7321760520951,7.507863584061542,True
300,23,0.19148936170212766,0.9960474308300395,59.68421052631613,1,253,48.446808510638576,14.762035108234228,149.21332410240973,10.107910122716,True
300,24,0.23404255319148937,0.9920948616600791,38.34722222222245,2,253,29.606382978723577,13.125546535207356,62.672468884807046,4.774846420047907,True
300,25,0.2127659574468085,0.9960474308300395,68.1081081081085,1,253,53.82978723404286,15.832537431637927,171.75852306938563,10.848452044469076,True
300,26,0.19148936170212766,0.9960474308300395,59.68421052631613,1,253,48.446808510638576,14.762035108234228,149.21332410240973,10.107910122716,True
300,27,0.3404255319148936,0.9960474308300395,130.06451612903302,1,253,86.12765957446858,21.922114108200528,317.5604083907677,14.485847798409921,True
300,28,0.2553191489361702,0.9960474308300395,86.40000000000047,1,253,64.59574468085142,17.920971430975893,218.50921915080386,12.192933848056743,True
300,29,0.19148936170212766,0.9960474308300395,59.68421052631613,1,253,48.446808510638576,14.762035108234228,149.21332410240973,10.107910122716,True
300,30,0.2553191489361702,0.9960474308300395,86.40000000000047,1,253,64.59574468085142,17.920971430975893,218.50921915080386,12.192933848056743,True
300,31,0.23404255319148937,0.9960474308300395,77.00000000000045,1,253,59.212765957447154,16.884990264834986,194.87376514207415,11.541242374768915,True
300,32,0.1702127659574468,0.9960474308300395,51.69230769230799,1,253,43.06382978723429,13.67148055577706,127.30141919500186,9.311458161070126,True
300,33,0.1276595744680851,0.9960474308300395,36.87804878048801,1,253,32.29787234042571,11.418984254601549,85.7321760520951,7.507863584061542,True
300,34,0.19148936170212766,0.9960474308300395,59.68421052631613,1,253,48.446808510638576,14.762035108234228,149.21332410240973,10.107910122716,True
300,35,0.2127659574468085,0.9960474308300395,68.1081081081085,1,253,53.82978723404286,15.832537431637927,171.75852306938563,10.848452044469076,True
300,36,0.23404255319148937,0.9960474308300395,77.00000000000045,1,253,59.212765957447154,16.884990264834986,194.87376514207415,11.541242374768915,True
300,37,0.2127659574468085,0.9960474308300395,68.1081081081085,1,253,53.82978723404286,15.832537431637927,171.75852306938563,10.848452044469076,True
300,38,0.9787234042553191,0.31225296442687744,20.885057471264336,174,253,1.4230863291758375,1.343207081091442,1.4149562591406177,1.0534163190912267,True
300,39,0.1702127659574468,0.9960474308300395,51.69230769230799,1,253,43.06382978723429,13.67148055577706,127.30141919500186,9.311458161070126,True
300,40,0.14893617021276595,0.9960474308300395,44.10000000000026,1,253,37.680851063830005,12.558279869065627,106.10472965129098,8.448985908703552,True
300,41,0.9787234042553191,0.40711462450592883,31.58666666666662,150,253,1.6507801418439716,1.5289111099131452,1.6727064410130428,1.0940508118278154,True
300,42,0.1702127659574468,0.9960474308300395,51.69230769230799,1,253,43.06382978723429,13.67148055577706,127.30141919500186,9.311458161070126,True
300,43,0.10638297872340426,0.9960474308300395,30.000000000000174,1,253,26.91489361702143,10.248848262370139,66.3336302793016,6.472300943595134,True
300,44,0.9787234042553191,0.549407114624506,56.087719298245545,114,253,2.172079134005226,1.9450610843184715,2.276363096259588,1.1703298752991098,False
300,45,0.14893617021276595,0.9960474308300395,44.10000000000026,1,253,37.680851063830005,12.558279869065627,106.10472965129098,8.448985908703552,True
300,46,0.9787234042553191,0.49407114624505927,44.92187499999993,128,253,1.9345079787234043,1.7570719429302386,1.9988260489291425,1.1375891903411393,True
300,47,0.23404255319148937,0.9920948616600791,38.34722222222245,2,253,29.606382978723577,13.125546535207356,62.672468884807046,4.774846420047907,True
300,48,0.9787234042553191,0.4624505928853755,39.573529411764646,136,253,1.8207133917396745,1.6660349316829048,1.8673364047059429,1.1208266820790476,True
300,49,0.2127659574468085,0.9960474308300395,68.1081081081085,1,253,53.82978723404286,15.832537431637927,171.75852306938563,10.848452044469076,True
300,50,0.9787234042553191,0.45454545454545453,38.33333333333328,138,253,1.7943262411347518,1.644833622209072,1.836979611649715,1.1168178877463508,True
300,51,0.14893617021276595,0.9960474308300395,44.10000000000026,1,253,37.680851063830005,12.558279869065627,106.10472965129098,8.448985908703552,True
300,52,0.9787234042553191,0.3952569169960474,30.065359477124133,153,253,1.6184119037685993,1.5026392009891607,1.635862917127728,1.0886598167084076,True
300,53,0.0851063829787234,0.9960474308300395,23.441860465116413,1,253,21.531914893617145,9.041036012391995,48.12498464948692,5.322950222023775,True
300,54,0.1702127659574468,0.9960474308300395,51.69230769230799,1,253,43.06382978723429,13.67148055577706,127.30141919500186,9.311458161070126,True
300,55,0.2765957446808511,0.9960474308300395,96.35294117647116,1,253,69.97872340425573,18.941743294770824,242.6250168061279,12.809011981125753,True
300,56,0.19148936170212766,0.9841897233201581,14.74342105263156,4,253,12.111702127659559,8.148345315396144,16.895242559660655,2.0734568683211565,True
300,57,0.2978723404255319,0.9960474308300395,106.90909090909153,1,253,75.36170212766001,19.948327408570076,267.1888952093298,13.39405002419109,True
300,58,0.9787234042553191,0.5098814229249012,47.85483870967736,124,253,1.9969114619080304,1.8067224889558058,2.071331754124351,1.1464581676411612,False
300,59,0.9787234042553191,0.525691699604743,50.983333333333256,120,253,2.0634751773049644,1.8594698136689554,2.148982402880832,1.1556963103588296,False
300,60,0.9787234042553191,0.616600790513834,73.97938144329885,97,253,2.5527527966659354,2.240579882779124,2.729484189421024,1.2182043632541604,False
300,61,0.9787234042553191,0.2450592885375494,14.931937172774848,191,253,1.2964241951654227,1.2392991040924601,1.2727456272012914,1.0269882573128495,True
300,62,0.2765957446808511,0.9960474308300395,96.35294117647116,1,253,69.97872340425573,18.941743294770824,242.6250168061279,12.809011981125753,True
300,63,0.2978723404255319,0.9960474308300395,106.90909090909153,1,253,75.36170212766001,19.948327408570076,267.1888952093298,13.39405002419109,True
300,64,0.0851063829787234,0.9960474308300395,23.441860465116413,1,253,21.531914893617145,9.041036012391995,48.12498464948692,5.322950222023775,True
300,65,0.2978723404255319,0.9960474308300395,106.90909090909153,1,253,75.36170212766001,19.948327408570076,267.1888952093298,13.39405002419109,True
300,66,0.1276595744680851,0.9960474308300395,36.87804878048801,1,253,32.29787234042571,11.418984254601549,85.7321760520951,7.507863584061542,True
300,67,0.06382978723404255,0.9960474308300395,17.18181818181828,1,253,16.148936170212856,7.785054889044748,31.437619336160026,4.038201372272859,True
300,68,0.1276595744680851,0.9960474308300395,36.87804878048801,1,253,32.29787234042571,11.418984254601549,85.7321760520951,7.507863584061542,True
300,69,0.2127659574468085,0.9960474308300395,68.1081081081085,1,253,53.82978723404286,15.832537431637927,171.75852306938563,10.848452044469076,True
300,70,0.23404255319148937,0.9960474308300395,77.00000000000045,1,253,59.212765957447154,16.884990264834986,194.87376514207415,11.541242374768915,True
300,71,0.2978723404255319,0.9960474308300395,106.90909090909153,1,253,75.36170212766001,19.948327408570076,267.1888952093298,13.39405002419109,True
300,72,0.14893617021276595,0.9960474308300395,44.10000000000026,1,253,37.680851063830005,12.558279869065627,106.10472965129098,8.448985908703552,True
300,73,0.19148936170212766,0.9960474308300395,59.68421052631613,1,253,48.446808510638576,14.762035108234228,149.21332410240973,10.107910122716,True
300,74,0.2553191489361702,0.9960474308300395,86.40000000000047,1,253,64.59574468085142,17.920971430975893,218.50921915080386,12.192933848056743,True
300,75,0.3404255319148936,0.9920948616600791,64.77419354838747,2,253,43.06382978723429,17.041154561786403,102.12916448454256,5.993089500729021,True
300,76,0.2127659574468085,0.9920948616600791,33.91891891891911,2,253,26.91489361702143,12.307422365659672,55.238480587258756,4.488224987011567,True
300,77,0.2765957446808511,0.9960474308300395,96.35294117647116,1,253,69.97872340425573,18.941743294770824,242.6250168061279,12.809011981125753,True
300,78,0.1276595744680851,0.9960474308300395,36.87804878048801,1,253,32.29787234042571,11.418984254601549,85.7321760520951,7.507863584061542,True
300,79,0.1276595744680851,0.9960474308300395,36.87804878048801,1,253,32.29787234042571,11.418984254601549,85.7321760520951,7.507863584061542,True
300,80,0.1276595744680851,0.9960474308300395,36.87804878048801,1,253,32.29787234042571,11.418984254601549,85.7321760520951,7.507863584061542,True
300,81,0.2765957446808511,0.9960474308300395,96.35294117647116,1,253,69.97872340425573,18.941743294770824,242.6250168061279,12.809011981125753,True
300,82,0.9787234042553191,0.4189723320158103,33.17006802721084,147,253,1.6844695324938486,1.5562047828452832,1.7111302484611555,1.0995533925378476,True
300,83,0.9787234042553191,0.4426877470355731,36.53900709219853,141,253,1.756149087068055,1.6140992537890566,1.7931475278052778,1.1109276728775568,True
300,84,0.1276595744680851,0.9960474308300395,36.87804878048801,1,253,32.29787234042571,11.418984254601549,85.7321760520951,7.507863584061542,True
300,85,0.14893617021276595,0.9960474308300395,44.10000000000026,1,253,37.680851063830005,12.558279869065627,106.10472965129098,8.448985908703552,True
300,86,0.2553191489361702,0.9960474308300395,86.40000000000047,1,253,64.59574468085142,17.920971430975893,218.50921915080386,12.192933848056743,True
300,87,0.0851063829787234,0.9960474308300395,23.441860465116413,1,253,21.531914893617145,9.041036012391995,48.12498464948692,5.322950222023775,True
300,88,0.23404255319148937,0.9920948616600791,38.34722222222245,2,253,29.606382978723577,13.125546535207356,62.672468884807046,4.774846420047907,True
300,89,0.2127659574468085,0.9960474308300395,68.1081081081085,1,253,53.82978723404286,15.832537431637927,171.75852306938563,10.848452044469076,True
300,90,0.1702127659574468,0.9960474308300395,51.69230769230799,1,253,43.06382978723429,13.67148055577706,127.30141919500186,9.311458161070126,True
300,91,0.1276595744680851,0.9960474308300395,36.87804878048801,1,253,32.29787234042571,11.418984254601549,85.7321760520951,7.507863584061542,True
300,92,0.2127659574468085,0.9960474308300395,68.1081081081085,1,253,53.82978723404286,15.832537431637927,171.75852306938563,10.848452044469076,True
300,93,0.23404255319148937,0.9960474308300395,77.00000000000045,1,253,59.212765957447154,16.884990264834986,194.87376514207415,11.541242374768915,True
300,94,0.9787234042553191,0.40711462450592883,31.58666666666662,150,253,1.6507801418439716,1.5289111099131452,1.6727064410130428,1.0940508118278154,True
300,95,0.1276595744680851,0.9960474308300395,36.87804878048801,1,253,32.29787234042571,11.418984254601549,85.7321760520951,7.507863584061542,True
300,96,0.2765957446808511,0.9960474308300395,96.35294117647116,1,253,69.97872340425573,18.941743294770824,242.6250168061279,12.809011981125753,True
300,97,0.14893617021276595,0.9960474308300395,44.10000000000026,1,253,37.680851063830005,12.558279869065627,106.10472965129098,8.448985908703552,True
300,98,0.2127659574468085,0.9960474308300395,68.1081081081085,1,253,53.82978723404286,15.832537431637927,171.75852306938563,10.848452044469076,True
300,99,0.23404255319148937,0.9960474308300395,77.00000000000045,1,253,59.212765957447154,16.884990264834986,194.87376514207415,11.541242374768915,True
1000,0,0.13291139240506328,0.998812351543943,128.91240875912365,1,842,111.91139240506291,29.066826755787055,422.5662907582214,14.537751035175885,True
1000,1,0.13291139240506328,0.998812351543943,128.91240875912365,1,842,111.91139240506291,29.066826755787055,422.5662907582214,14.537751035175885,True
1000,2,0.0759493670886076,0.998812351543943,69.12328767123265,1,842,63.94936708860738,19.122127945915256,209.73946424654366,10.968416529779931,True
1000,3,0.11392405063291139,0.998812351543943,108.12857142857106,1,842,95.92405063291108,25.817475495302695,349.53053254798806,13.538524810901153,True
1000,4,0.9936708860759493,0.32304038004750596,74.91929824561363,570,842,1.4678436597823672,1.4114852185325428,1.4970184090896594,1.06059800657781,True
1000,5,0.14556962025316456,0.996437054631829,47.64691358024675,3,842,40.85654008438805,20.04880979925199,81.654185068099,4.072769699832529,True
1000,6,0.11392405063291139,0.998812351543943,108.12857142857106,1,842,95.92405063291108,25.817475495302695,349.53053254798806,13.538524810901153,True
1000,7,0.16455696202531644,0.998812351543943,165.6515151515146,1,842,138.55696202531598,34.37525013051008,547.7150958604155,15.93341412152477,True
1000,8,0.08227848101265822,0.998812351543943,75.39999999999974,1,842,69.27848101265799,20.26039917459824,232.32320422471932,11.466862139419138,True
1000,9,0.08860759493670886,0.998812351543943,81.76388888888862,1,842,74.60759493670861,21.388649854245347,255.22698045730755,11.93282335241224,True
1000,10,0.9873417721518988,0.17814726840855108,16.90751445086711,692,842,1.2013609424160387,1.1776166773386225,1.201951495767345,1.0206644648441277,True
1000,11,0.9936708860759493,0.21258907363420426,42.38763197586704,663,842,1.2619470378219446,1.2275659301462019,1.2722759081223218,1.0364216510723747,True
1000,12,0.0949367088607595,0.998812351543943,88.21678321678294,1,842,79.93670886075924,22.507776251680237,278.4221679781341,12.37004335145501,True
1000,13,0.9936708860759493,0.3194774346793349,73.70506108202403,573,842,1.4601586144431926,1.4046270372972403,1.4886168105395874,1.0597950708708832,True
1000,14,0.9936708860759493,0.28859857482185275,63.69115191986611,599,842,1.3967794425308002,1.3480321333282068,1.4193820127687014,1.0529289159185962,True
1000,15,0.10759493670886076,0.998812351543943,101.39716312056704,1,842,90.59493670886046,24.721583491900816,325.59328504489486,13.17040573681554,True
1000,16,0.0759493670886076,0.997624703087886,34.52054794520536,2,842,31.97468354430369,14.856798579257418,67.48871315098495,4.5426148029771705,True
1000,17,0.9936708860759493,0.39548693586698336,102.71316306483244,509,842,1.643754196612867,1.5681189502258839,1.6898128912377801,1.0776050445627015,True
1000,18,0.08860759493670886,0.996437054631829,27.189814814814724,3,842,24.869198312236204,13.74200580194979,44.13847421169905,3.2119382605293647,True
1000,19,0.05063291139240506,0.998812351543943,44.85333333333318,1,842,42.63291139240492,14.443540818673892,123.41279348727699,8.54449715873811,True
1000,20,0.1962025316455696,0.998812351543943,205.28346456692842,1,842,165.20253164556905,39.57555936592664,676.3168499047068,17.089255609789188,True
1000,21,0.06329113924050633,0.997624703087886,28.378378378378287,2,842,26.645569620253077,13.061194895385595,53.31028210369525,4.081577721692929,True
1000,22,0.12025316455696203,0.998812351543943,114.95683453237372,1,842,101.25316455696169,26.906702451049,373.68064831603704,13.888013553346761,True
1000,23,0.0949367088607595,0.997624703087886,44.05594405594392,2,842,39.96835443037962,17.487253468024086,89.58902368256284,5.1231043140295744,True
1000,24,0.08860759493670886,0.998812351543943,81.76388888888862,1,842,74.60759493670861,21.388649854245347,255.22698045730755,11.93282335241224,True
1000,25,0.056962025316455694,0.998812351543943,50.79865771812063,1,842,47.96202531645554,15.635274253099878,144.28905775555344,9.228431520921127,True
1000,26,0.9936708860759493,0.3016627078384798,67.81972789115609,588,842,1.4229096701971928,1.3713720857852254,1.447915540542666,1.0558152346477236,True
1000,27,0.0379746835443038,0.998812351543943,33.197368421052516,1,842,31.97468354430369,12.000936449867284,83.54899818410588,6.9618732282371045,True
1000,28,0.06329113924050633,0.998812351543943,56.82432432432414,1,842,53.291139240506155,16.81101339455476,165.6761476877851,9.85521478089174,True
1000,29,0.0949367088607595,0.998812351543943,88.21678321678294,1,842,79.93670886075924,22.507776251680237,278.4221679781341,12.37004335145501,True
1000,30,0.12658227848101267,0.998812351543943,121.8840579710141,1,842,106.58227848101231,27.98969328506436,398.02993331460283,14.220589316961057,True
1000,31,0.0759493670886076,0.998812351543943,69.12328767123265,1,842,63.94936708860738,19.122127945915256,209.73946424654366,10.968416529779931,True
1000,32,0.15822784810126583,0.998812351543943,158.08270676691677,1,842,133.22784810126538,33.32300535108752,522.3838434951315,15.676372463748477,True
1000,33,0.06962025316455696,0.998812351543943,62.931972789115434,1,842,58.620253164556765,17.97276522719341,187.50996423218425,10.433005820855838,True
1000,34,0.0949367088607595,0.998812351543943,88.21678321678294,1,842,79.93670886075924,22.507776251680237,278.4221679781341,12.37004335145501,True
1000,35,0.0759493670886076,0.998812351543943,69.12328767123265,1,842,63.94936708860738,19.122127945915256,209.73946424654366,10.968416529779931,True
1000,36,0.056962025316455694,0.998812351543943,50.79865771812063,1,842,47.96202531645554,15.635274253099878,144.28905775555344,9.228431520921127,True
1000,37,0.9936708860759493,0.32660332541567694,76.1463844797174,567,842,1.4756100283526443,1.418414888682744,1.5055104962228685,1.0614034780902566,True
1000,38,0.9936708860759493,0.29453681710213775,65.5488215488212,594,842,1.4085368452457059,1.3585350420335598,1.432219068879389,1.0542378551645848,True
1000,39,0.06329113924050633,0.998812351543943,56.82432432432414,1,842,53.291139240506155,16.81101339455476,165.6761476877851,9.85521478089174,True
1000,40,0.15822784810126583,0.997624703087886,78.94736842105236,2,842,66.61392405063269,25.890067253858046,168.08955574955854,6.492434110016089,True
1000,41,0.9936708860759493,0.3182897862232779,73.30313588850136,574,842,1.4576147841044413,1.4023566792337705,1.485836130272382,1.059527973357123,True
1000,42,0.06329113924050633,0.998812351543943,56.82432432432414,1,842,53.291139240506155,16.81101339455476,165.6761476877851,9.85521478089174,True
1000,43,0.05063291139240506,0.998812351543943,44.85333333333318,1,842,42.63291139240492,14.443540818673892,123.41279348727699,8.54449715873811,True
1000,44,0.08860759493670886,0.998812351543943,81.76388888888862,1,842,74.60759493670861,21.388649854245347,255.22698045730755,11.93282335241224,True
1000,45,0.1518987341772152,0.998812351543943,150.6268656716413,1,842,127.89873417721476,32.26627234564306,497.1959360743064,15.409153271510249,True
1000,46,0.06962025316455696,0.998812351543943,62.931972789115434,1,842,58.620253164556765,17.97276522719341,187.50996423218425,10.433005820855838,True
1000,47,0.9936708860759493,0.2007125890736342,39.42496285289726,673,842,1.2431959674234017,1.2108315920256223,1.2518125885932803,1.033845331454476,True
1000,48,0.9936708860759493,0.33966745843230406,80.75899280575496,556,842,1.5048037519351607,1.4444530785343161,1.5374470402995073,1.0643800502398817,True
1000,49,0.10759493670886076,0.998812351543943,101.39716312056704,1,842,90.59493670886046,24.721583491900816,325.59328504489486,13.17040573681554,True
1000,50,0.06962025316455696,0.998812351543943,62.931972789115434,1,842,58.620253164556765,17.97276522719341,187.50996423218425,10.433005820855838,True
1000,51,0.9936708860759493,0.13539192399049882,24.585164835164708,728,842,1.1492731951592712,1.1273180571160513,1.149063328426473,1.0192893843695288,True
1000,52,0.12658227848101267,0.998812351543943,121.8840579710141,1,842,106.58227848101231,27.98969328506436,398.02993331460283,14.220589316961057,True
1000,53,0.9936708860759493,0.24703087885985747,51.507886435330946,634,842,1.3196701673122229,1.2791283679430339,1.3352437087015971,1.043869983783412,True
1000,54,0.08860759493670886,0.998812351543943,81.76388888888862,1,842,74.60759493670861,21.388649854245347,255.22698045730755,11.93282335241224,True
1000,55,0.06962025316455696,0.998812351543943,62.931972789115434,1,842,58.620253164556765,17.97276522719341,187.50996423218425,10.433005820855838,True
1000,56,0.08860759493670886,0.998812351543943,81.76388888888862,1,842,74.60759493670861,21.388649854245347,255.22698045730755,11.93282335241224,True
1000,57,0.9936708860759493,0.2992874109263658,67.05762711864371,590,842,1.4180862475863547,1.367064355101731,1.4426474214793088,1.0552885942022483,True
1000,58,0.056962025316455694,0.998812351543943,50.79865771812063,1,842,47.96202531645554,15.635274253099878,144.28905775555344,9.228431520921127,True
1000,59,0.15822784810126583,0.997624703087886,78.94736842105236,2,842,66.61392405063269,25.890067253858046,168.08955574955854,6.492434110016089,True
1000,60,0.0949367088607595,0.998812351543943,88.21678321678294,1,842,79.93670886075924,22.507776251680237,278.4221679781341,12.37004335145501,True
1000,61,0.10126582278481013,0.998812351543943,94.76056338028137,1,842,85.26582278480984,23.61853752850774,301.8845206869468,12.781677117923584,True
1000,62,0.13291139240506328,0.998812351543943,128.91240875912365,1,842,111.91139240506291,29.066826755787055,422.5662907582214,14.537751035175885,True
1000,63,0.9936708860759493,0.28978622327790976,64.06020066889599,598,842,1.3991151941069389,1.3501187831111297,1.4219320378101064,1.05319032339769,True
1000,64,0.08860759493670886,0.998812351543943,81.76388888888862,1,842,74.60759493670861,21.388649854245347,255.22698045730755,11.93282335241224,True
1000,65,0.06962025316455696,0.998812351543943,62.931972789115434,1,842,58.620253164556765,17.97276522719341,187.50996423218425,10.433005820855838,True
1000,66,0.0759493670886076,0.997624703087886,34.52054794520536,2,842,31.97468354430369,14.856798579257418,67.48871315098495,4.5426148029771705,True
1000,67,0.06962025316455696,0.998812351543943,62.931972789115434,1,842,58.620253164556765,17.97276522719341,187.50996423218425,10.433005820855838,True
1000,68,0.08227848101265822,0.998812351543943,75.39999999999974,1,842,69.27848101265799,20.26039917459824,232.32320422471932,11.466862139419138,True
1000,69,0.9936708860759493,0.20190023752969122,39.7172619047617,672,842,1.2450459614225438,1.212482094202447,1.2538318768542682,1.0341034171552204,True
1000,70,0.12025316455696203,0.998812351543943,114.95683453237372,1,842,101.25316455696169,26.906702451049,373.68064831603704,13.888013553346761,True
1000,71,0.2088607594936709,0.9857482185273159,18.259999999999938,12,842,14.655063291139191,11.266164134060586,18.695763065420326,1.6594612720844446,True
1000,72,0.10126582278481013,0.998812351543943,94.76056338028137,1,842,85.26582278480984,23.61853752850774,301.8845206869468,12.781677117923584,True
1000,73,0.06962025316455696,0.998812351543943,62.931972789115434,1,842,58.620253164556765,17.97276522719341,187.50996423218425,10.433005820855838,True
1000,74,0.06329113924050633,0.998812351543943,56.82432432432414,1,842,53.291139240506155,16.81101339455476,165.6761476877851,9.85521478089174,True
1000,75,0.0949367088607595,0.998812351543943,88.21678321678294,1,842,79.93670886075924,22.507776251680237,278.4221679781341,12.37004335145501,True
1000,76,0.9936708860759493,0.30760095011876487,69.74785591766688,583,842,1.4351130121371345,1.3822692808172299,1.4612462874351275,1.0571357605308314,True
1000,77,0.13924050632911392,0.998812351543943,136.04411764705836,1,842,117.24050632911353,30.138439289457857,447.2789758669821,14.840814136763747,True
1000,78,0.12025316455696203,0.998812351543943,114.95683453237372,1,842,101.25316455696169,26.906702451049,373.68064831603704,13.888013553346761,True
1000,79,0.0949367088607595,0.998812351543943,88.21678321678294,1,842,79.93670886075924,22.507776251680237,278.4221679781341,12.37004335145501,True
1000,80,0.18354430379746836,0.998812351543943,189.06201550387536,1,842,154.54430379746785,37.50696491970245,624.5079272130276,16.650452217341986,True
1000,81,0.10759493670886076,0.998812351543943,101.39716312056704,1,842,90.59493670886046,24.721583491900816,325.59328504489486,13.17040573681554,True
1000,82,0.13291139240506328,0.998812351543943,128.91240875912365,1,842,111.91139240506291,29.066826755787055,422.5662907582214,14.537751035175885,True
1000,83,0.24050632911392406,0.9869358669833729,23.92272727272719,11,842,18.409666283083943,13.458868598922242,24.696030441460966,1.8349261871416571,True
1000,84,0.11392405063291139,0.998812351543943,108.12857142857106,1,842,95.92405063291108,25.817475495302695,349.53053254798806,13.538524810901153,True
1000,85,0.10126582278481013,0.998812351543943,94.76056338028137,1,842,85.26582278480984,23.61853752850774,301.8845206869468,12.781677117923584,True
1000,86,0.06329113924050633,0.998812351543943,56.82432432432414,1,842,53.291139240506155,16.81101339455476,165.6761476877851,9.85521478089174,True
1000,87,0.9936708860759493,0.2921615201900237,64.80201342281843,596,842,1.4038102115368276,1.3543129147012554,1.4270580750825637,1.05371370204895,True
1000,88,0.13291139240506328,0.998812351543943,128.91240875912365,1,842,111.91139240506291,29.066826755787055,422.5662907582214,14.537751035175885,True
1000,89,0.0949367088607595,0.998812351543943,88.21678321678294,1,842,79.93670886075924,22.507776251680237,278.4221679781341,12.37004335145501,True
1000,90,0.08227848101265822,0.998812351543943,75.39999999999974,1,842,69.27848101265799,20.26039917459824,232.32320422471932,11.466862139419138,True
1000,91,0.13291139240506328,0.998812351543943,128.91240875912365,1,842,111.91139240506291,29.066826755787055,422.5662907582214,14.537751035175885,True
1000,92,0.0759493670886076,0.998812351543943,69.12328767123265,1,842,63.94936708860738,19.122127945915256,209.73946424654366,10.968416529779931,True
1000,93,0.0759493670886076,0.998812351543943,69.12328767123265,1,842,63.94936708860738,19.122127945915256,209.73946424654366,10.968416529779931,True
1000,94,0.12025316455696203,0.998812351543943,114.95683453237372,1,842,101.25316455696169,26.906702451049,373.68064831603704,13.888013553346761,True
1000,95,0.12025316455696203,0.998812351543943,114.95683453237372,1,842,101.25316455696169,26.906702451049,373.68064831603704,13.888013553346761,True
1000,96,0.08860759493670886,0.998812351543943,81.76388888888862,1,842,74.60759493670861,21.388649854245347,255.22698045730755,11.93282335241224,True
1000,97,0.9936708860759493,0.13182897862232779,23.839945280437625,731,842,1.144556615698973,1.1231477399477545,1.1438828409370592,1.0184615970382216,True
1000,98,0.0949367088607595,0.998812351543943,88.21678321678294,1,842,79.93670886075924,22.507776251680237,278.4221679781341,12.37004335145501,True
1000,99,0.06329113924050633,0.998812351543943,56.82432432432414,1,842,53.291139240506155,16.81101339455476,165.6761476877851,9.85521478089174,True
3000,0,0.035864978902953586,0.9996041171813144,93.92778993436295,1,2526,90.59493670886893,25.31358618493319,322.11321676886206,12.724914376635656,True
3000,1,0.9978902953586498,0.13578780680918448,74.3192853870829,2183,2526,1.1546820366816075,1.1398006067815247,1.1621182048138217,1.0195802650915544,True
3000,2,0.046413502109704644,0.9996041171813144,122.89823008850666,1,2526,117.2405063291245,30.936411827373725,441.4075929847661,14.268222037120404,True
3000,3,0.08016877637130802,0.9996041171813144,220.0688073394694,1,2526,202.50632911394231,48.287603746333964,843.7152856533183,17.472709768029727,True
3000,4,0.023206751054852322,0.9996041171813144,59.989200863936304,1,2526,58.62025316456225,18.342875894352385,186.11540468022946,10.146468075790274,True
3000,5,0.06751054852320675,0.9996041171813144,182.80542986426983,1,2526,170.5316455696356,41.868440014937775,690.0452254317229,16.48127384697231,True
3000,6,0.06962025316455696,0.9996041171813144,188.94557823130958,1,2526,175.86075949368674,42.94445701090277,715.4596441372886,16.660116204418355,True
3000,7,0.9978902953586498,0.20783847980997625,124.10044977511396,2001,2526,1.2597055902428533,1.237873883713353,1.2735502402582168,1.0288206714870198,True
3000,8,0.035864978902953586,0.9996041171813144,93.92778993436295,1,2526,90.59493670886893,25.31358618493319,322.11321676886206,12.724914376635656,True
3000,9,0.02531645569620253,0.9996041171813144,65.58441558442149,1,2526,63.94936708861336,19.527215915019934,208.05901690685235,10.6548223675254,True
3000,10,0.9978902953586498,0.2596991290577989,165.9294117647079,1870,2526,1.34795234549516,1.3204661905820558,1.3670240677181924,1.0352586665741241,True
3000,11,0.9978902953586498,0.26326207442596994,169.01934443847603,1861,2526,1.3544711907984683,1.326568378530194,1.3739289440701792,1.0357015637538862,True
3000,12,0.046413502109704644,0.9996041171813144,122.89823008850666,1,2526,117.2405063291245,30.936411827373725,441.4075929847661,14.268222037120404,True
3000,13,0.06118143459915612,0.9996041171813144,164.55056179776764,1,2526,154.54430379748229,38.62369705048466,614.3368013190575,15.905696456661408,True
3000,14,0.9978902953586498,0.15518606492478226,86.88659793814539,2134,2526,1.1811953542998825,1.1645109607036201,1.1902940126436565,1.0221406691822443,True
3000,15,0.04219409282700422,0.9996041171813144,111.23348017622148,1,2526,106.58227848102226,28.703058860617777,393.18431819951206,13.698342051584726,True
3000,16,0.03164556962025317,0.9996041171813144,82.51633986928847,1,2526,79.9367088607667,23.022658890383045,275.7346961388543,11.97666600767965,True
3000,17,0.035864978902953586,0.9996041171813144,93.92778993436295,1,2526,90.59493670886893,25.31358618493319,322.11321676886206,12.724914376635656,True
3000,18,0.9978902953586498,0.1904196357878068,111.25330073349767,2045,2526,1.2326019002816377,1.2125256387407384,1.2448273013658007,1.0266399831830435,True
3000,19,0.046413502109704644,0.9996041171813144,122.89823008850666,1,2526,117.2405063291245,30.936411827373725,441.4075929847661,14.268222037120404,True
3000,20,0.046413502109704644,0.9996041171813144,122.89823008850666,1,2526,117.2405063291245,30.936411827373725,441.4075929847661,14.268222037120404,True
3000,21,0.9978902953586498,0.11995249406175772,64.47098515519647,2223,2526,1.1339050319729866,1.1204770948562415,1.1399997377501132,1.0174235091315067,True
3000,22,0.029535864978902954,0.9996041171813144,76.84782608696345,1,2526,74.60759493671559,21.866137718698614,252.89973286703642,11.565816337595445,True
3000,23,0.09071729957805907,0.9996041171813144,251.91415313227333,1,2526,229.15189873419789,53.57687420068533,973.6971912387521,18.17383350121417,True
3000,24,0.052742616033755275,0.9996041171813144,140.59020044544698,1,2526,133.22784810127783,34.25331862207851,514.803796862901,15.029311540373673,True
3000,25,0.05063291139240506,0.9996041171813144,134.66666666667882,1,2526,127.89873417722671,33.15175433752291,490.2079455395071,14.786787466769558,True
3000,26,0.06962025316455696,0.9992082343626286,94.43537414965513,2,2526,87.93037974683104,33.360390568182346,230.25079598432555,6.901921472224264,True
3000,27,0.06751054852320675,0.9996041171813144,182.80542986426983,1,2526,170.5316455696356,41.868440014937775,690.0452254317229,16.48127384697231,True
3000,28,0.02531645569620253,0.9996041171813144,65.58441558442149,1,2526,63.94936708861336,19.527215915019934,208.05901690685235,10.6548223675254,True
3000,29,0.03375527426160337,0.9996041171813144,88.2096069869075,1,2526,85.2658227848178,24.17159530939783,298.8126844626339,12.362141622752413,True
3000,30,0.0759493670886076,0.9996041171813144,207.53424657536118,1,2526,191.84810126584009,46.15735802977368,792.1883243897023,17.162774435198465,True
3000,31,0.9978902953586498,0.16270783847980996,91.9163120567387,2115,2526,1.1918065655205434,1.1744127883624913,1.2015591215003383,1.0231148139792463,True
3000,32,0.9978902953586498,0.10847189231987332,57.54973357016056,2252,2526,1.119303235380084,1.1069259590800566,1.1244271283734024,1.0158106051717233,True
3000,33,0.09071729957805907,0.9996041171813144,251.91415313227333,1,2526,229.15189873419789,53.57687420068533,973.6971912387521,18.17383350121417,True
3000,34,0.046413502109704644,0.9996041171813144,122.89823008850666,1,2526,117.2405063291245,30.936411827373725,441.4075929847661,14.268222037120404,True
3000,35,0.06329113924050633,0.9996041171813144,170.60810810812347,1,2526,159.8734177215334,39.70818308394006,639.4798613705159,16.10448556708587,True
3000,36,0.02531645569620253,0.9996041171813144,65.58441558442149,1,2526,63.94936708861336,19.527215915019934,208.05901690685235,10.6548223675254,True
3000,37,0.05063291139240506,0.9996041171813144,134.66666666667882,1,2526,127.89873417722671,33.15175433752291,490.2079455395071,14.786787466769558,True
3000,38,0.03164556962025317,0.9996041171813144,82.51633986928847,1,2526,79.9367088607667,23.022658890383045,275.7346961388543,11.97666600767965,True
3000,39,0.04430379746835443,0.9996041171813144,117.05298013246089,1,2526,111.91139240507339,29.82213032862128,417.21921726085566,13.990255312526639,True
3000,40,0.0379746835443038,0.9996041171813144,99.67105263158794,1,2526,95.92405063292004,26.449183348483103,345.61861167973507,13.067269681865499,True
3000,41,0.08227848101265822,0.9992082343626286,113.14482758620122,2,2526,103.91772151898213,38.33597384694966,279.85115325772813,7.299962024572267,True
3000,42,0.04852320675105485,0.9996041171813144,128.76940133038855,1,2526,122.5696202531756,32.046198274498316,465.73999583823604,14.533393067372426,True
3000,43,0.056962025316455694,0.9996041171813144,152.5167785235037,1,2526,143.88607594938006,36.44531621446051,564.352150057942,15.484902003238002,True
3000,44,0.04219409282700422,0.9996041171813144,111.23348017622148,1,2526,106.58227848102226,28.703058860617777,393.18431819951206,13.698342051584726,True
3000,45,0.9978902953586498,0.2058590657165479,122.6121635094731,2006,2526,1.256565745800573,1.2349366397189498,1.2702234508044679,1.0285737826141013,True
3000,46,0.05063291139240506,0.9996041171813144,134.66666666667882,1,2526,127.89873417722671,33.15175433752291,490.2079455395071,14.786787466769558,True
3000,47,0.9978902953586498,0.12945368171021376,70.33697135061477,2199,2526,1.1462805302755568,1.1319817660806992,1.153179118741392,1.0187258781862583,True
3000,48,0.07383966244725738,0.9996041171813144,201.30979498862865,1,2526,186.51898734178897,45.08881750349512,766.5343501556742,17.0005423206376,True
3000,49,0.046413502109704644,0.9996041171813144,122.89823008850666,1,2526,117.2405063291245,30.936411827373725,441.4075929847661,14.268222037120404,True
3000,50,0.027426160337552744,0.9996041171813144,71.20390455532095,1,2526,69.27848101266447,20.70128443279077,230.33174105497352,11.126446854192716,True
3000,51,0.9978902953586498,0.14647664291369755,81.17346938775611,2156,2526,1.1691423404804961,1.1532715718828623,1.1774909013775767,1.0210005432243277,True
3000,52,0.046413502109704644,0.9996041171813144,122.89823008850666,1,2526,117.2405063291245,30.936411827373725,441.4075929847661,14.268222037120404,True
3000,53,0.05063291139240506,0.9992082343626286,67.30666666666329,2,2526,63.94936708860439,25.75316000478052,157.75979900922795,6.1258423812822675,True
3000,54,0.04219409282700422,0.9996041171813144,111.23348017622148,1,2526,106.58227848102226,28.703058860617777,393.18431819951206,13.698342051584726,True
3000,55,0.05485232067510549,0.9996041171813144,146.5401785714418,1,2526,138.55696202532894,35.351107141704446,539.5206284618807,15.26177458316141,True
3000,56,0.046413502109704644,0.9996041171813144,122.89823008850666,1,2526,117.2405063291245,30.936411827373725,441.4075929847661,14.268222037120404,True
3000,57,0.04219409282700422,0.9996041171813144,111.23348017622148,1,2526,106.58227848102226,28.703058860617777,393.18431819951206,13.698342051584726,True
3000,58,0.08227848101265822,0.9996041171813144,226.379310344848,1,2526,207.8354430379934,49.34946961956756,869.5831241982513,17.620921377713305,True
3000,59,0.07805907172995781,0.9996041171813144,213.78718535471037,1,2526,197.1772151898912,47.223592457539155,817.916188931745,17.320075546289072,True
3000,60,0.06962025316455696,0.9996041171813144,188.94557823130958,1,2526,175.86075949368674,42.94445701090277,715.4596441372886,16.660116204418355,True
3000,61,0.9978902953586498,0.18329374505146476,106.15559864275455,2063,2526,1.2218472545205765,1.2024725384151689,1.2334258240494729,1.0257413659318155,True
3000,62,0.9978902953586498,0.2339667458432304,144.46666666666846,1935,2526,1.3026722925457104,1.2780812334471818,1.319065200968013,1.032066793915979,True
3000,63,0.035864978902953586,0.9996041171813144,93.92778993436295,1,2526,90.59493670886893,25.31358618493319,322.11321676886206,12.724914376635656,True
3000,64,0.06329113924050633,0.9992082343626286,85.27027027026601,2,2526,79.9367088607555,30.846367346007444,205.79881521347357,6.6717358613091555,True
3000,65,0.0970464135021097,0.9996041171813144,271.3785046729217,1,2526,245.1392405063512,56.72807676463912,1052.4027678865082,18.55170892277654,True
3000,66,0.08649789029535865,0.9992082343626286,119.49653579676075,2,2526,109.24683544303251,39.9809682632895,296.5642471958133,7.417635442014006,True
3000,67,0.04219409282700422,0.9996041171813144,111.23348017622148,1,2526,106.58227848102226,28.703058860617777,393.18431819951206,13.698342051584726,True
3000,68,0.10970464135021098,0.9984164687252574,77.69194312796365,4,2526,69.27848101265963,34.69764445879906,137.42036267449447,3.9605098506808205,True
3000,69,0.15611814345991562,0.995249406175772,38.75749999999987,12,2526,32.862869198312126,23.11766364636873,46.41104904960684,2.0076011901357074,True
3000,70,0.0759493670886076,0.9992082343626286,103.72602739725507,2,2526,95.92405063290659,35.85625709687621,254.94378859084492,7.110161774611314,True
3000,71,0.04852320675105485,0.9996041171813144,128.76940133038855,1,2526,122.5696202531756,32.046198274498316,465.73999583823604,14.533393067372426,True
3000,72,0.03164556962025317,0.9996041171813144,82.51633986928847,1,2526,79.9367088607667,23.022658890383045,275.7346961388543,11.97666600767965,True
3000,73,0.03375527426160337,0.9996041171813144,88.2096069869075,1,2526,85.2658227848178,24.17159530939783,298.8126844626339,12.362141622752413,True
3000,74,0.0379746835443038,0.9996041171813144,99.67105263158794,1,2526,95.92405063292004,26.449183348483103,345.61861167973507,13.067269681865499,True
3000,75,0.06118143459915612,0.9996041171813144,164.55056179776764,1,2526,154.54430379748229,38.62369705048466,614.3368013190575,15.905696456661408,True
3000,76,0.046413502109704644,0.9996041171813144,122.89823008850666,1,2526,117.2405063291245,30.936411827373725,441.4075929847661,14.268222037120404,True
3000,77,0.9978902953586498,0.1880443388756928,109.54412481716369,2051,2526,1.228996043918064,1.2091546298343125,1.2410048990692872,1.026340939735176,True
3000,78,0.027426160337552744,0.9996041171813144,71.20390455532095,1,2526,69.27848101266447,20.70128443279077,230.33174105497352,11.126446854192716,True
3000,79,0.04008438818565401,0.9996041171813144,105.43956043956995,1,2526,101.25316455697116,27.57886715824402,369.3134779121438,13.391176504570337,True
3000,80,0.04008438818565401,0.9996041171813144,105.43956043956995,1,2526,101.25316455697116,27.57886715824402,369.3134779121438,13.391176504570337,True
3000,81,0.9978902953586498,0.1290577988915281,70.09000000000086,2200,2526,1.1457594936708861,1.1314970779770517,1.1526245392041934,1.0186721306120512,True
3000,82,0.07383966244725738,0.9996041171813144,201.30979498862865,1,2526,186.51898734178897,45.08881750349512,766.5343501556742,17.0005423206376,True
3000,83,0.056962025316455694,0.9996041171813144,152.5167785235037,1,2526,143.88607594938006,36.44531621446051,564.352150057942,15.484902003238002,True
3000,84,0.05485232067510549,0.9996041171813144,146.5401785714418,1,2526,138.55696202532894,35.351107141704446,539.5206284618807,15.26177458316141,True
3000,85,0.0379746835443038,0.9996041171813144,99.67105263158794,1,2526,95.92405063292004,26.449183348483103,345.61861167973507,13.067269681865499,True
3000,86,0.02109704641350211,0.9996041171813144,54.41810344828076,1,2526,53.29113924051113,17.14698313745763,164.5419567086856,9.595971220689151,True
3000,87,0.06329113924050633,0.9996041171813144,170.60810810812347,1,2526,159.8734177215334,39.70818308394006,639.4798613705159,16.10448556708587,True
3000,88,0.07172995780590717,0.9996041171813144,195.11363636365397,1,2526,181.18987341773786,44.017882173069,740.9571084701874,16.83309309514031,True
3000,89,0.035864978902953586,0.9996041171813144,93.92778993436295,1,2526,90.59493670886893,25.31358618493319,322.11321676886206,12.724914376635656,True
3000,90,0.9978902953586498,0.12826603325415678,69.59673024523246,2202,2526,1.1447188401798136,1.13052910083832,1.1515168162061014,1.0185645069660023,True
3000,91,0.046413502109704644,0.9996041171813144,122.89823008850666,1,2526,117.2405063291245,30.936411827373725,441.4075929847661,14.268222037120404,True
3000,92,0.07805907172995781,0.9996041171813144,213.78718535471037,1,2526,197.1772151898912,47.223592457539155,817.916188931745,17.320075546289072,True
3000,93,0.9978902953586498,0.1060965954077593,56.13994685562513,2258,2526,1.1163290018051149,1.1041693432002064,1.1212516616531398,1.0154707414746944,True
3000,94,0.04852320675105485,0.9996041171813144,128.76940133038855,1,2526,122.5696202531756,32.046198274498316,465.73999583823604,14.533393067372426,True
3000,95,0.9978902953586498,0.09659540775930324,50.57493426818641,2282,2526,1.1045884689202232,1.093301910092315,1.10870312793498,1.0140868846020443,True
3000,96,0.04219409282700422,0.9996041171813144,111.23348017622148,1,2526,106.58227848102226,28.703058860617777,393.18431819951206,13.698342051584726,True
3000,97,0.046413502109704644,0.9996041171813144,122.89823008850666,1,2526,117.2405063291245,30.936411827373725,441.4075929847661,14.268222037120404,True
3000,98,0.9978902953586498,0.1749802058590657,100.31957773512599,2084,2526,1.2095349741247359,1.1909679102981934,1.2203690099498916,1.0246867269869067,True
3000,99,0.9978902953586498,0.21456848772763262,129.21673387096934,1984,2526,1.2704994385463455,1.2479724636254546,1.2849857791219539,1.0296587597686033,True
10000,0,0.013924050632911392,0.9998812351543943,118.881899871641,1,8420,117.24050632912449,31.21664003996627,439.45322492159767,14.077531225621057,True
10000,1,0.03670886075949367,0.9998812351543943,320.8291721419474,1,8420,309.08860759496457,70.12927864285403,1359.5965885495234,19.38700375735381,True
10000,2,0.016455696202531647,0.9998812351543943,140.85842985844255,1,8420,138.55696202532894,35.6922012154931,536.817684027525,15.040195497791428,True
10000,3,0.02278481012658228,0.9998812351543943,196.2979274611576,1,8420,191.84810126584009,46.6645644124563,787.1748970780546,16.86879341935809,True
10000,4,0.019620253164556962,0.9998812351543943,168.48870238865302,1,8420,165.20253164558451,41.21146764190148,660.9350101948357,16.037647965801504,True
10000,5,0.018354430379746836,0.9998812351543943,157.41521598969825,1,8420,154.54430379748229,39.01259070826481,611.0048465716476,15.661734724072204,True
10000,6,0.02911392405063291,0.9997624703087886,126.21512385920303,2,8420,122.5696202531756,44.60285436535547,336.16033704122526,7.536744942097972,True
10000,7,0.0189873417721519,0.9998812351543943,162.94838709678888,1,8420,159.8734177215334,40.11340589330707,635.925766629923,15.85319801368518,True
10000,8,0.017721518987341773,0.9998812351543943,151.88917525774565,1,8420,149.21518987343117,37.908885818172884,586.176621183457,15.46277629986302,True
10000,9,0.9993670886075949,0.11377672209026128,202.7180380595004,7462,8420,1.1276696443414567,1.1199082572824839,1.1332475129252502,1.0119110253505361,True
10000,10,0.02721518987341772,0.9998812351543943,235.5348080676855,1,8420,229.15189873419786,54.211376726522936,966.7182677661978,17.832387335281055,True
10000,11,0.017721518987341773,0.9998812351543943,151.88917525774565,1,8420,149.21518987343117,37.908885818172884,586.176621183457,15.46277629986302,True
10000,12,0.024050632911392405,0.9998812351543943,207.4721141375025,1,8420,202.50632911394231,48.83028762245165,838.1685510652081,17.164931682274734,True
10000,13,0.04556962025316456,0.9998812351543943,401.96816976130947,1,8420,383.69620253168017,84.76151102455985,1733.4836646753035,20.45130677499393,True
10000,14,0.029746835443037974,0.9998812351543943,258.1167645140481,1,8420,250.46835443040231,58.486163805760356,1070.5230688092054,18.30386879817494,True
10000,15,0.03481012658227848,0.9998812351543943,303.63606557379785,1,8420,293.10126582281123,66.96848306022761,1280.2900437175088,19.117799675499434,True
10000,16,0.9993670886075949,0.09869358669833729,172.90143628936525,7589,8420,1.108798377398333,1.1018111035955347,1.1136313811024874,1.0107280435533639,True
10000,17,0.024683544303797468,0.9998812351543943,213.0700843608239,1,8420,207.83544303799343,49.91016292832392,863.7611712305609,17.30631840394931,True
10000,18,0.024050632911392405,0.9998812351543943,207.4721141375025,1,8420,202.50632911394231,48.83028762245165,838.1685510652081,17.164931682274734,True
10000,19,0.9993670886075949,0.06437054631828978,108.63391723787704,7878,8420,1.0681227324290365,1.0629472532745892,1.0712085831439406,1.0077720976689117,True
10000,20,0.9993670886075949,0.10641330166270783,188.03615098351838,7524,8420,1.1183773107490629,1.1109933513705683,1.1235921002280516,1.0113400758356843,True
10000,21,0.043037974683544304,0.9998812351543943,378.6322751323093,1,8420,362.3797468354757,80.59886486102236,1626.0816573412822,20.174994525607218,True
10000,22,0.9993670886075949,0.07980997624703087,136.9499225606601,7748,8420,1.0860442547852285,1.0800393156581989,1.0899307909199054,1.0091584399922315,True
10000,23,0.9993670886075949,0.10178147268408551,178.92410419145745,7563,8420,1.1126101925262395,1.10546405391253,1.1175961183521155,1.0109746349477822,True
10000,24,0.9993670886075949,0.07470308788598574,127.47927095366381,7791,8420,1.080050171489661,1.074316018006342,1.083675490454391,1.008712029134051,True
10000,25,0.02278481012658228,0.9997624703087886,98.13730569949071,2,8420,95.92405063292004,36.248370817133264,253.34361834994726,6.98910358283471,True
10000,26,0.0310126582278481,0.9998812351543943,269.4519921620099,1,8420,261.12658227850454,60.61465843340021,1122.7109246612072,18.522102634543018,True
10000,27,0.05126582278481013,0.9998812351543943,454.92928619083494,1,8420,431.6582278481402,94.08244941380225,1976.5821676310645,21.00904238725201,True
10000,28,0.012025316455696202,0.9998812351543943,102.47341447790802,1,8420,101.25316455697116,27.815700678659343,367.8499051437547,13.224542117178272,True
10000,29,0.016455696202531647,0.9998812351543943,140.85842985844255,1,8420,138.55696202532894,35.6922012154931,536.817684027525,15.040195497791428,True
10000,30,0.014556962025316455,0.9998812351543943,124.36544637123792,1,8420,122.5696202531756,32.34132735755302,463.6083853565192,14.334859550786115,True
10000,31,0.026582278481012658,0.9997624703087886,114.94018205462675,2,8420,111.91139240507337,41.27737943869734,302.81676994494495,7.336143283869802,True
10000,32,0.01708860759493671,0.9998812351543943,146.37025112686445,1,8420,143.88607594938006,36.802143126350366,561.4458410446467,15.255792009641173,True
10000,33,0.03164556962025317,0.9998812351543943,275.13071895427316,1,8420,266.45569620255566,61.67683337542312,1148.8713292056582,18.62727488314046,True
10000,34,0.028481012658227847,0.9998812351543943,246.81107491858904,1,8420,239.8101265823001,56.35186039152263,1018.5215446235945,18.074319774841317,True
10000,35,0.9993670886075949,0.052256532066508314,87.06265664160354,7980,8420,1.0544700358491164,1.0499762262268,1.056896506344203,1.0065908921978852,True
10000,36,0.013924050632911392,0.9998812351543943,118.881899871641,1,8420,117.24050632912449,31.21664003996627,439.45322492159767,14.077531225621057,True
10000,37,0.0379746835443038,0.9998812351543943,332.328947368451,1,8420,319.7468354430668,72.23104658168253,1412.6417712079822,19.557265719672152,True
10000,38,0.017721518987341773,0.9998812351543943,151.88917525774565,1,8420,149.21518987343117,37.908885818172884,586.176621183457,15.46277629986302,True
10000,39,0.022151898734177215,0.9998812351543943,190.72168284791363,1,8420,186.51898734178897,45.578558915373755,761.7789184529382,16.713536728252908,True
10000,40,0.9993670886075949,0.067458432304038,114.22210901681038,7852,8420,1.0716595626688676,1.0663153452787428,1.0749084322979021,1.0080586733157375,True
10000,41,0.0189873417721519,0.9997624703087886,81.46451612903961,2,8420,79.9367088607667,31.159523931410384,204.6657424138028,6.568320583598177,True
10000,42,0.014556962025316455,0.9998812351543943,124.36544637123792,1,8420,122.5696202531756,32.34132735755302,463.6083853565192,14.334859550786115,True
10000,43,0.03291139240506329,0.9997624703087886,143.23821989530086,2,8420,138.55696202532894,49.556784050324495,386.6313192318458,7.80178388571835,True
10000,44,0.021518987341772152,0.9998812351543943,185.15265200519133,1,8420,181.18987341773786,44.4903433090399,736.4538347269137,16.55311647319375,True
10000,45,0.018354430379746836,0.9998812351543943,157.41521598969825,1,8420,154.54430379748229,39.01259070826481,611.0048465716476,15.661734724072204,True
10000,46,0.017721518987341773,0.9998812351543943,151.88917525774565,1,8420,149.21518987343117,37.908885818172884,586.176621183457,15.46277629986302,True
10000,47,0.9993670886075949,0.06900237529691211,117.03010588085152,7839,8420,1.0734367758739571,1.0680088001465229,1.076766537822228,1.0082000613426627,True
10000,48,0.03670886075949367,0.9996437054631829,106.91765221201139,3,8420,103.02953586498819,45.03913275496898,235.22144254855687,5.222601505856168,True
10000,49,0.019620253164556962,0.9997624703087886,84.23434473854859,2,8420,82.60126582279226,32.01248270096733,212.71469351786965,6.644742162139208,True
10000,50,0.012025316455696202,0.9998812351543943,102.47341447790802,1,8420,101.25316455697116,27.815700678659343,367.8499051437547,13.224542117178272,True
10000,51,0.060759493670886074,0.9995249406175772,136.10781671160257,4,8420,127.89873417722671,60.31109988343782,270.6940348322988,4.488295444047021,True
10000,52,0.02341772151898734,0.9998812351543943,201.88139987040057,1,8420,197.1772151898912,47.74844685463688,812.638978111662,17.019170918493366,True
10000,53,0.028481012658227847,0.9998812351543943,246.81107491858904,1,8420,239.8101265823001,56.35186039152263,1018.5215446235945,18.074319774841317,True
10000,54,0.014556962025316455,0.9998812351543943,124.36544637123792,1,8420,122.5696202531756,32.34132735755302,463.6083853565192,14.334859550786115,True
10000,55,0.02341772151898734,0.9998812351543943,201.88139987040057,1,8420,197.1772151898912,47.74844685463688,812.638978111662,17.019170918493366,True
10000,56,0.024050632911392405,0.9997624703087886,103.72373540856967,2,8420,101.25316455697116,37.930673844957695,269.75536732967834,7.111800028449487,True
10000,57,0.9993670886075949,0.09703087885985748,169.67552281993858,7603,8420,1.10675666001262,1.0998550661289717,1.1115071743476703,1.0105942215274866,True
10000,58,0.025949367088607594,0.9998812351543943,224.28784925278174,1,8420,218.49367088609563,52.064298809198434,915.1265183945476,17.57685284014366,True
10000,59,0.0189873417721519,0.9998812351543943,162.94838709678888,1,8420,159.8734177215334,40.11340589330707,635.925766629923,15.85319801368518,True
10000,60,0.013924050632911392,0.9998812351543943,118.881899871641,1,8420,117.24050632912449,31.21664003996627,439.45322492159767,14.077531225621057,True
10000,61,0.035443037974683546,0.9998812351543943,309.3595800525213,1,8420,298.43037974686234,68.02320367811446,1306.6895647477684,19.20946815341157,True
10000,62,0.02531645569620253,0.9998812351543943,218.6753246753444,1,8420,213.16455696204454,50.98814426570431,889.4145452726896,17.44355591052425,True
10000,63,0.018354430379746836,0.9998812351543943,157.41521598969825,1,8420,154.54430379748229,39.01259070826481,611.0048465716476,15.661734724072204,True
10000,64,0.013291139240506329,0.9998812351543943,113.4053880692854,1,8420,111.91139240507337,30.087673318603848,415.43533729283746,13.807492952137478,True
10000,65,0.015189873417721518,0.9998812351543943,129.8560411311171,1,8420,127.89873417722671,33.46199669510369,487.8924327634505,14.580493722744317,True
10000,66,0.9993670886075949,0.03456057007125891,56.524664780415485,8129,8420,1.0351421928989972,1.0317340362381835,1.0365152731087348,1.0046341757687711,True
10000,67,0.9993670886075949,0.09406175771971496,163.94441531200752,7628,8420,1.103129376779752,1.0963810709238413,1.1077322844377921,1.010353346856295,True
10000,68,0.9993670886075949,0.08847980997624703,153.27100977198617,7675,8420,1.0963740568177134,1.0899151756791174,1.100698166100839,1.0098934216738498,True
10000,69,0.03417721518987342,0.9998812351543943,297.92005242466644,1,8420,287.7721518987601,65.91260166863017,1253.9277574687583,19.024097452149896,True
10000,70,0.9993670886075949,0.07980997624703087,136.9499225606601,7748,8420,1.0860442547852285,1.0800393156581989,1.0899307909199054,1.0091584399922315,True
10000,71,0.026582278481012658,0.9998812351543943,229.90767230171124,1,8420,223.82278481014674,53.138689772066996,940.8950628693451,17.706403129343588,True
10000,72,0.022151898734177215,0.9998812351543943,190.72168284791363,1,8420,186.51898734178897,45.578558915373755,761.7789184529382,16.713536728252908,True
10000,73,0.043670886075949364,0.9998812351543943,384.45466578428346,1,8420,367.7088607595268,81.64077253055044,1652.8921864157942,20.245915553987103,True
10000,74,0.9993670886075949,0.10308788598574822,181.48463983050752,7552,8420,1.1142307847028534,1.1070175185548161,1.1192813169716012,1.0110782333714061,True
10000,75,0.9993670886075949,0.05866983372921615,98.41357557405954,7926,8420,1.0616541617557342,1.0567951009803505,1.0644341107822866,1.0072284682194776,True
10000,76,0.02341772151898734,0.9998812351543943,201.88139987040057,1,8420,197.1772151898912,47.74844685463688,812.638978111662,17.019170918493366,True
10000,77,0.012658227848101266,0.9998812351543943,107.93589743590717,1,8420,106.58227848102227,28.954135726916565,391.56407200424076,13.523597309113667,True
10000,78,0.039873417721518985,0.9998812351543943,349.63546473305723,1,8420,335.73417721522014,75.37606079887338,1492.454543643643,19.80011329626223,True
10000,79,0.016455696202531647,0.9998812351543943,140.85842985844255,1,8420,138.55696202532894,35.6922012154931,536.817684027525,15.040195497791428,True
10000,80,0.0189873417721519,0.9998812351543943,162.94838709678888,1,8420,159.8734177215334,40.11340589330707,635.925766629923,15.85319801368518,True
10000,81,0.010759493670886076,0.9998812351543943,91.56941778631663,1,8420,90.59493670886893,25.522617345168392,320.94165240915197,12.574793880609132,True
10000,82,0.017721518987341773,0.9998812351543943,151.88917525774565,1,8420,149.21518987343117,37.908885818172884,586.176621183457,15.46277629986302,True
10000,83,0.03481012658227848,0.9998812351543943,303.63606557379785,1,8420,293.10126582281123,66.96848306022761,1280.2900437175088,19.117799675499434,True
10000,84,0.016455696202531647,0.9998812351543943,140.85842985844255,1,8420,138.55696202532894,35.6922012154931,536.817684027525,15.040195497791428,True
10000,85,0.013291139240506329,0.9998812351543943,113.4053880692854,1,8420,111.91139240507337,30.087673318603848,415.43533729283746,13.807492952137478,True
10000,86,0.02341772151898734,0.9998812351543943,201.88139987040057,1,8420,197.1772151898912,47.74844685463688,812.638978111662,17.019170918493366,True
10000,87,0.026582278481012658,0.9998812351543943,229.90767230171124,1,8420,223.82278481014674,53.138689772066996,940.8950628693451,17.706403129343588,True
10000,88,0.012658227848101266,0.9998812351543943,107.93589743590717,1,8420,106.58227848102227,28.954135726916565,391.56407200424076,13.523597309113667,True
10000,89,0.9993670886075949,0.0989311163895487,173.36325293264701,7587,8420,1.1090906664130682,1.1020911610481043,1.1139354453544936,1.0107471003534092,True
10000,90,0.03417721518987342,0.9998812351543943,297.92005242466644,1,8420,287.7721518987601,65.91260166863017,1253.9277574687583,19.024097452149896,True
10000,91,0.03417721518987342,0.9998812351543943,297.92005242466644,1,8420,287.7721518987601,65.91260166863017,1253.9277574687583,19.024097452149896,True
10000,92,0.013924050632911392,0.9998812351543943,118.881899871641,1,8420,117.24050632912449,31.21664003996627,439.45322492159767,14.077531225621057,True
10000,93,0.027848101265822784,0.9998812351543943,241.16927083335506,1,8420,234.48101265824897,55.2824158914526,992.5943297207369,17.954973814272204,True
10000,94,0.02721518987341772,0.9998812351543943,235.5348080676855,1,8420,229.15189873419786,54.211376726522936,966.7182677661978,17.832387335281055,True
10000,95,0.015822784810126583,0.9998812351543943,135.35369774920835,1,8420,133.22784810127783,34.57888360367913,512.2978112404924,14.815336929674178,True
10000,96,0.024683544303797468,0.9998812351543943,213.0700843608239,1,8420,207.83544303799343,49.91016292832392,863.7611712305609,17.30631840394931,True
10000,97,0.01139240506329114,0.9998812351543943,97.01792573624435,1,8420,95.92405063292004,26.67200023087424,344.3046394215211,12.908842098125449,True
10000,98,0.029746835443037974,0.9996437054631829,86.01848227876401,3,8420,83.48945147680077,37.5615740950576,185.20933536281603,4.93081932333571,True
10000,99,0.010126582278481013,0.9998812351543943,86.12787723785944,1,8420,85.26582278481781,24.367076180064835,297.776207937371,12.2204324284498,True
30000,0,0.011181434599156118,0.9999604117181314,285.62556005976546,1,25260,282.443037974709,65.09049450710475,1224.7808384565453,18.81658524383861,True
30000,1,0.02088607594936709,0.9999604117181314,538.8151260504687,1,25260,527.5822784810603,113.10414076634981,2459.3259900269354,21.743907635595797,True
30000,2,0.999789029535865,0.06258907363420428,316.41365767140826,23679,25260,1.0665429657534504,1.0634145183727701,1.0689769287519901,1.0052307075774474,True
30000,3,0.999789029535865,0.02866191607284244,139.83681121619594,24536,25260,1.029290466501302,1.0273676032242327,1.030538544045619,1.003086471494171,True
30000,4,0.01181434599156118,0.9999604117181314,301.98633646458745,1,25260,298.43037974686234,68.27542913778963,1303.5744223937043,19.09287775786665,True
30000,5,0.01139240506329114,0.9999604117181314,291.0768245838931,1,25260,287.7721518987601,66.15328010730825,1251.0087629776112,18.910759390136526,True
30000,6,0.009282700421940928,0.9999604117181314,236.66865417378622,1,25260,234.48101265824897,55.46784733295684,990.577037626286,17.85858087623537,True
30000,7,0.012869198312236287,0.9999604117181314,329.30091899981596,1,25260,325.0759493671179,73.56216726601744,1435.5865119319758,19.51528299513757,True
30000,8,0.999789029535865,0.05087094220110847,253.9985401460286,23975,25260,1.0533752194400814,1.0506335362809989,1.0554292874020361,1.004564627870164,True
30000,9,0.012025316455696202,0.9999604117181314,307.4445868033589,1,25260,303.75949367091346,69.3348519549784,1329.9102516852595,19.180977736114844,True
30000,10,0.008649789029535865,0.9999604117181314,220.39135986382067,1,25260,218.49367088609563,52.233999637339096,913.3529730492542,17.48579429855397,True
30000,11,0.015822784810126583,0.9999604117181314,406.09324758846105,1,25260,399.6835443038335,88.24471928631397,1809.0810144306824,20.500728304897628,True
30000,12,0.00590717299578059,0.9999604117181314,150.09592529712728,1,25260,149.21518987343117,38.01532616141226,585.3040871205169,15.396529405938233,True
30000,13,0.999789029535865,0.04184481393507522,206.96289716154413,24203,25260,1.0434520880087572,1.0410253381695884,1.0451964612003029,1.0040067449636225,True
30000,14,0.013713080168776372,0.9999208234362629,175.59037433156664,2,25260,173.19620253166119,60.41287156301475,496.205367498361,8.21357029819026,True
30000,15,0.013713080168776372,0.9999604117181314,351.19465240644877,1,25260,346.39240506332237,77.77404689636296,1541.758071332782,19.82355467997231,True
30000,16,0.014556962025316455,0.9999208234362629,186.55555555557237,2,25260,183.85443037976341,63.67362248432845,530.5213266610539,8.331885417570321,True
30000,17,0.00569620253164557,0.9999604117181314,144.70464672184627,1,25260,143.88607594938006,36.90407033948468,560.6314720344661,15.19158908156077,True
30000,18,0.012236286919831224,0.9999604117181314,312.90516873133964,1,25260,309.08860759496457,70.39321110474246,1356.2802118704342,19.267201915996417,True
30000,19,0.006329113924050633,0.9999208234362629,80.43949044586712,2,25260,79.9367088607667,31.24887267505424,204.34893500842657,6.539401825255505,True
30000,20,0.006329113924050633,0.9999604117181314,160.88535031848585,1,25260,159.8734177215334,40.22903109899554,634.9319063311834,15.782928123939747,True
30000,21,0.009282700421940928,0.9999604117181314,236.66865417378622,1,25260,234.48101265824897,55.46784733295684,990.577037626286,17.85858087623537,True
30000,22,0.016244725738396623,0.9999604117181314,417.1012223890575,1,25260,410.3417721519357,90.32981249976889,1862.8357185796735,20.622601409522904,True
30000,23,0.006962025316455696,0.9999604117181314,177.08667941365522,1,25260,175.86075949368674,43.52961251365698,710.01462351655,16.31107153305787,True
30000,24,0.02721518987341772,0.9998812351543943,235.5348080676855,3,25260,229.15189873419786,92.34715611903687,568.2475874461508,6.153384807147402,True
30000,25,0.004219409282700422,0.9999604117181314,107.02966101695878,1,25260,106.58227848102226,29.0260300292174,391.10787998574,13.474384185231447,True
30000,26,0.01181434599156118,0.9999604117181314,301.98633646458745,1,25260,298.43037974686234,68.27542913778963,1303.5744223937043,19.09287775786665,True
30000,27,0.004641350210970464,0.9999604117181314,117.78253497245656,1,25260,117.24050632912449,31.296827436847597,438.90371959792714,14.02390451503656,True
30000,28,0.008016877637130802,0.9999604117181314,204.13483623991632,1,25260,202.50632911394231,48.98466687006501,836.6257924804303,17.079340249462838,True
30000,29,0.018143459915611813,0.9999604117181314,466.7541899441762,1,25260,458.3037974683957,99.6801590901567,2105.7770834650973,21.12533830890565,True
30000,30,0.018143459915611813,0.9999208234362629,233.36785560810011,2,25260,229.15189873419786,77.42897391618342,677.7314229768599,8.752943358264075,True
30000,31,0.012658227848101266,0.9999208234362629,161.91025641027102,2,25260,159.8734177215334,56.32144416657473,453.51634325818526,8.052285412229097,True
30000,32,0.022362869198312235,0.9999604117181314,577.7846353043248,1,25260,564.886075949418,120.29800222459022,2650.803470173238,22.035307495999174,True
30000,33,0.9995780590717299,0.08780680918448139,228.03758354307396,23042,25260,1.0957964487523608,1.0920285815054613,1.0988539609834724,1.0062501839178986,True
30000,34,0.999789029535865,0.0342042755344418,167.8347270044555,24396,25260,1.0351971997899636,1.0330543197698592,1.0366621091450157,1.003492352053627,True
30000,35,0.999789029535865,0.06357878068091845,321.75674304562847,23654,25260,1.0676701989547626,1.0645099333137118,1.0701353961150668,1.0052845564191624,True
30000,36,0.00590717299578059,0.9999604117181314,150.09592529712728,1,25260,149.21518987343117,38.01532616141226,585.3040871205169,15.396529405938233,True
30000,37,0.008860759493670886,0.9999604117181314,225.8148148148352,1,25260,223.82278481014677,53.313589292664076,939.0416901033988,17.61355223990913,True
30000,38,0.010759493670886076,0.9999604117181314,274.7300063979774,1,25260,271.78481012660677,62.961342217156265,1172.4398991910439,18.621583624238035,True
30000,39,0.008860759493670886,0.9999604117181314,225.8148148148352,1,25260,223.82278481014677,53.313589292664076,939.0416901033988,17.61355223990913,True
30000,40,0.011181434599156118,0.9999604117181314,285.62556005976546,1,25260,282.443037974709,65.09049450710475,1224.7808384565453,18.81658524383861,True
30000,41,0.015611814345991562,0.9999604117181314,400.5927989713178,1,25260,394.3544303797824,87.20110993589206,1782.2377636092076,20.43824631268411,True
30000,42,0.008860759493670886,0.9999604117181314,225.8148148148352,1,25260,223.82278481014677,53.313589292664076,939.0416901033988,17.61355223990913,True
30000,43,0.01350210970464135,0.9999604117181314,345.7177074422895,1,25260,341.06329113927126,76.72244573690044,1515.1712611786184,19.748735153393074,True
30000,44,0.006540084388185654,0.9999604117181314,166.28349968147603,1,25260,165.20253164558451,41.33176310980781,659.8780329337563,15.965397633307608,True
30000,45,0.0189873417721519,0.9999604117181314,488.883870967786,1,25260,479.62025316460023,103.82021220666641,2214.2534075374797,21.327768075928667,True
30000,46,0.013924050632911392,0.9999604117181314,356.67394094996797,1,25260,351.7215189873735,78.82476967634084,1568.3730668727626,19.896957178721806,True
30000,47,0.008227848101265823,0.9999604117181314,209.55137204851923,1,25260,207.83544303799343,50.06960314797411,862.1429474443935,17.218889171069396,True
30000,48,0.020042194092827006,0.9999208234362629,258.28955866525473,2,25260,253.1329113924279,84.6552066432616,756.4108680598686,8.935196050579572,True
30000,49,0.011603375527426161,0.9999604117181314,296.5304162220118,1,25260,293.10126582281123,67.21491486576565,1277.2736156364542,19.00283022283502,True
30000,50,0.999789029535865,0.03309580364212193,162.2094660989467,24424,25260,1.034010435885848,1.0319104638556247,1.035433074806497,1.0034136788745318,True
30000,51,0.999789029535865,0.044457640538400636,220.487094502254,24137,25260,1.0463052941987798,1.0437854450336792,1.048141254460385,1.0041730888732265,True
30000,52,0.00590717299578059,0.9999604117181314,150.09592529712728,1,25260,149.21518987343117,38.01532616141226,585.3040871205169,15.396529405938233,True
30000,53,0.005485232067510549,0.9999604117181314,139.31565549428493,1,25260,138.55696202532894,35.78966920530907,536.0597835305816,14.978059183935182,True
30000,54,0.015189873417721518,0.9998812351543943,129.8560411311171,3,25260,127.89873417722671,54.659651591223025,299.0748126576797,5.471582857760176,True
30000,55,0.013924050632911392,0.9999208234362629,178.32991014122274,2,25260,175.86075949368674,61.22904588964742,504.7712403732582,8.243983440196063,True
30000,56,0.02721518987341772,0.9999604117181314,706.6603773585542,1,25260,687.4556962025936,143.79570278239308,3284.4127391148613,22.840826781069968,True
30000,57,0.999789029535865,0.0391132224861441,192.90260382336837,24272,25260,1.0404857813973283,1.038158361206233,1.0421324027039918,1.0038279723462817,True
30000,58,0.016666666666666666,0.9999604117181314,428.11864406783525,1,25260,421.00000000003797,92.4121604337201,1916.6785130852184,20.740544362231415,True
30000,59,0.00949367088607595,0.9999604117181314,242.0990415335682,1,25260,239.81012658230011,56.54262420959972,1016.4201868209625,17.97617639841336,True
30000,60,0.008860759493670886,0.9999604117181314,225.8148148148352,1,25260,223.82278481014677,53.313589292664076,939.0416901033988,17.61355223990913,True
30000,61,0.010337552742616034,0.9999604117181314,263.84374333833125,1,25260,261.1265822785046,60.82718521375929,1120.259550856822,18.417086816034615,True
30000,62,0.005485232067510549,0.9999604117181314,139.31565549428493,1,25260,138.55696202532894,35.78966920530907,536.0597835305816,14.978059183935182,True
30000,63,0.009071729957805906,0.9999604117181314,231.24057909305895,1,25260,229.15189873419786,54.39151992924308,964.783641647023,17.737758439221633,True
30000,64,0.021729957805907172,0.9999208234362629,280.52339874921654,2,25260,274.4493670886323,91.05162738750954,826.705754537,9.079527497280157,True
30000,65,0.014556962025316455,0.9999604117181314,373.1258831085757,1,25260,367.70886075952683,81.97185753688328,1648.3810755968032,20.109109700913063,True
30000,66,0.999789029535865,0.0447347585114806,221.9258184832537,24130,25260,1.0466088224648136,1.0440791998380978,1.0484543956087173,1.0041904826485366,True
30000,67,0.999789029535865,0.037015043547110056,182.1568345324051,24325,25260,1.0382187414625261,1.035969173521596,1.0397887203912803,1.0036869310084784,True
30000,68,0.013924050632911392,0.9999604117181314,356.67394094996797,1,25260,351.7215189873735,78.82476967634084,1568.3730668727626,19.896957178721806,True
30000,69,0.014767932489451477,0.9999604117181314,378.61456102787145,1,25260,373.03797468357794,83.01925320371792,1675.1028313346746,20.177281373806156,True
30000,70,0.010970464135021098,0.9999604117181314,280.1766211604348,1,25260,277.1139240506579,64.02652629994058,1198.5908613534702,18.7202231734159,True
30000,71,0.013080168776371307,0.9999604117181314,334.7708422403038,1,25260,330.40506329116903,74.6165271965076,1462.0847988144114,19.594650860176237,True
30000,72,0.999789029535865,0.04271575613618369,211.4627600182321,24181,25260,1.0444014261641765,1.0419434466890518,1.046176525256255,1.00406267593568,True
30000,73,0.007383966244725738,0.9999604117181314,187.89904357068644,1,25260,186.51898734178897,45.71803861071068,760.4535885768418,16.63355672477789,True
30000,74,0.014767932489451477,0.9999604117181314,378.61456102787145,1,25260,373.03797468357794,83.01925320371792,1675.1028313346746,20.177281373806156,True
30000,75,0.999789029535865,0.028939034045922407,141.22911655593742,24529,25260,1.029584201805045,1.0276499862674575,1.0308434725005784,1.0031075621814778,True
30000,76,0.0037974683544303796,0.9999604117181314,96.28589580687019,1,25260,95.92405063292004,26.735844525516107,343.9341643844147,12.864159351920657,True
30000,77,0.02869198312236287,0.9999604117181314,746.1390095569743,1,25260,724.7594936709514,150.9108084941107,3478.4173287166523,23.049491043263462,True
30000,78,0.999789029535865,0.06923990498812352,352.5375781549662,23511,25260,1.0741640460242419,1.070823765773957,1.0768059041989682,1.005586482683906,True
30000,79,0.013080168776371307,0.9999604117181314,334.7708422403038,1,25260,330.40506329116903,74.6165271965076,1462.0847988144114,19.594650860176237,True
30000,80,0.014345991561181435,0.9999604117181314,367.6395547945537,1,25260,362.3797468354757,80.92365670921542,1621.6851558092555,20.039691998057982,True
30000,81,0.013713080168776372,0.9999604117181314,351.19465240644877,1,25260,346.39240506332237,77.77404689636296,1541.758071332782,19.82355467997231,True
30000,82,0.013924050632911392,0.9999604117181314,356.67394094996797,1,25260,351.7215189873735,78.82476967634084,1568.3730668727626,19.896957178721806,True
30000,83,0.016455696202531647,0.9999604117181314,422.6087516087897,1,25260,415.67088607598686,91.37132318532953,1889.7463112276064,20.682050399933594,True
30000,84,0.999789029535865,0.028147268408551068,137.25320786999768,24549,25260,1.028745402504214,1.0268437319626784,1.0299725827775437,1.003047056448292,True
30000,85,0.016877637130801686,0.9999604117181314,433.6309012875927,1,25260,426.32911392408903,93.45233662676611,1943.6319268452708,20.798109464162785,True
30000,86,0.0189873417721519,0.9999604117181314,488.883870967786,1,25260,479.62025316460023,103.82021220666641,2214.2534075374797,21.327768075928667,True
30000,87,0.009704641350210971,0.9999604117181314,247.53174265021408,1,25260,245.13924050635123,57.61590041805369,1042.3114893623751,18.090691663230025,True
30000,88,0.014345991561181435,0.9999604117181314,367.6395547945537,1,25260,362.3797468354757,80.92365670921542,1621.6851558092555,20.039691998057982,True
30000,89,0.005063291139240506,0.9999604117181314,128.5445292620981,1,25260,127.89873417722673,33.55071131476343,487.24227949090687,14.522561829456773,True
30000,90,0.013291139240506329,0.9999604117181314,340.24310455423205,1,25260,335.73417721522014,75.66994612362451,1488.6132805540763,19.67245064668183,True
30000,91,0.999789029535865,0.03507521773555028,172.2636415853251,24374,25260,1.0361315699547038,1.0339553183495183,1.0376293497074756,1.0035533753661832,True
30000,92,0.008438818565400843,0.9999604117181314,214.9702127659768,1,25260,213.16455696204451,51.152691838972885,887.7193876612685,17.3543044509912,True
30000,93,0.012447257383966244,0.9999604117181314,318.3680837428187,1,25260,314.4177215190157,71.45053320378932,1382.683448873987,19.351618341746082,True
30000,94,0.007383966244725738,0.9999604117181314,187.89904357068644,1,25260,186.51898734178897,45.71803861071068,760.4535885768418,16.63355672477789,True
30000,95,0.014556962025316455,0.9999604117181314,373.1258831085757,1,25260,367.70886075952683,81.97185753688328,1648.3810755968032,20.109109700913063,True
30000,96,0.999789029535865,0.04465558194774347,221.51466931878457,24132,25260,1.0465220821347567,1.0439952500352598,1.0483649106350381,1.0041855177019539,True
30000,97,0.009071729957805906,0.9999604117181314,231.24057909305895,1,25260,229.15189873419786,54.39151992924308,964.783641647023,17.737758439221633,True
30000,98,0.012236286919831224,0.9999604117181314,312.90516873133964,1,25260,309.08860759496457,70.39321110474246,1356.2802118704342,19.267201915996417,True
30000,99,0.01350210970464135,0.9999604117181314,345.7177074422895,1,25260,341.06329113927126,76.72244573690044,1515.1712611786184,19.748735153393074,True
