task,model,n,n_classes,folds,majority_baseline,accuracy,balanced_accuracy,macro_f1,weighted_f1,macro_precision,macro_recall,macro_auc_ovr,average_precision,top3_accuracy,stage1_high_risk_recall,stage1_high_risk_precision,stage1_lower_risk_specificity,stage2_subtype_accuracy_on_flagged_true_high_risk,stage2_subtype_macro_f1_on_flagged_true_high_risk,true_high_risk_flagged_n,true_high_risk_total_n
label_mrsa_binary,DummyMostFreq,57,2,5,0.8771929824561403,0.8771929824561403,0.5,0.4672897196261682,0.8198065256599443,0.43859649122807015,0.5,0.5,0.12280701754385964,,,,,,,,
label_mrsa_binary,LogRegBalanced,57,2,5,0.8771929824561403,0.7543859649122807,0.49142857142857144,0.49107142857142855,0.7672305764411027,0.4930555555555556,0.49142857142857144,0.3542857142857143,0.14325084548869715,,,,,,,,
label_mrsa_binary,RandomForestBalanced,57,2,5,0.8771929824561403,0.8771929824561403,0.5,0.4672897196261682,0.8198065256599443,0.43859649122807015,0.5,0.4628571428571428,0.18889442395099137,,,,,,,,
label_mrsa_binary,ExtraTreesBalanced,57,2,5,0.8771929824561403,0.8070175438596491,0.46,0.44660194174757284,0.7835121785045138,0.4339622641509434,0.46,0.37142857142857144,0.11624552583805554,,,,,,,,
label_fungal_binary,DummyMostFreq,57,2,5,0.8070175438596491,0.8070175438596491,0.5,0.44660194174757284,0.7208312042241526,0.40350877192982454,0.5,0.5,0.19298245614035087,,,,,,,,
label_fungal_binary,LogRegBalanced,57,2,5,0.8070175438596491,0.7368421052631579,0.5602766798418972,0.5622119815668203,0.7319912684938154,0.5648936170212766,0.5602766798418972,0.4733201581027668,0.21308489207098608,,,,,,,,
label_fungal_binary,RandomForestBalanced,57,2,5,0.8070175438596491,0.7368421052631579,0.49110671936758893,0.48150394178289874,0.7049248348281255,0.4852941176470588,0.49110671936758893,0.591897233201581,0.24106492658984707,,,,,,,,
label_fungal_binary,ExtraTreesBalanced,57,2,5,0.8070175438596491,0.7543859649122807,0.5365612648221344,0.5381944444444444,0.7322124756335282,0.5528571428571428,0.5365612648221344,0.6274703557312252,0.2646914340258293,,,,,,,,
label_high_risk_gram_negative_binary,DummyMostFreq,57,2,5,0.7192982456140351,0.7192982456140351,0.5,0.41836734693877553,0.6018617973505191,0.35964912280701755,0.5,0.5,0.2807017543859649,,,,,,,,
label_high_risk_gram_negative_binary,LogRegBalanced,57,2,5,0.7192982456140351,0.5614035087719298,0.46646341463414637,0.4668911335578002,0.565341524405852,0.4676470588235294,0.46646341463414637,0.3978658536585366,0.31262626627770174,,,,,,,,
label_high_risk_gram_negative_binary,RandomForestBalanced,57,2,5,0.7192982456140351,0.6491228070175439,0.47027439024390244,0.43675889328063244,0.588447403092712,0.4362745098039216,0.47027439024390244,0.4527439024390244,0.26574544027521346,,,,,,,,
label_high_risk_gram_negative_binary,ExtraTreesBalanced,57,2,5,0.7192982456140351,0.631578947368421,0.4961890243902439,0.4904214559386973,0.6080526987968004,0.4950592885375494,0.4961890243902439,0.47103658536585363,0.289876176251624,,,,,,,,
label_high_risk_binary,DummyMostFreq,57,2,5,0.631578947368421,0.631578947368421,0.5,0.3870967741935484,0.48896434634974534,0.3157894736842105,0.5,0.5,0.631578947368421,,,,,,,,
label_high_risk_binary,LogRegBalanced,57,2,5,0.631578947368421,0.49122807017543857,0.46825396825396826,0.4676328502415459,0.4971268751589118,0.4696969696969697,0.46825396825396826,0.5548941798941798,0.7368277673178892,,,,,,,,
label_high_risk_binary,RandomForestBalanced,57,2,5,0.631578947368421,0.5614035087719298,0.49404761904761907,0.484629294755877,0.5369753497668222,0.49252491694352163,0.49404761904761907,0.457010582010582,0.6161128925880475,,,,,,,,
label_high_risk_binary,ExtraTreesBalanced,57,2,5,0.631578947368421,0.543859649122807,0.5,0.49932432432432433,0.538620199146515,0.5,0.5,0.4847883597883597,0.6260951998667088,,,,,,,,
stage2_true_high_risk_pathogen_type,DummyMostFreq,34,3,5,0.47058823529411764,0.3235294117647059,0.24810606060606064,0.21349206349206348,0.2733893557422969,0.19166666666666665,0.24810606060606064,0.4271931269213878,,1.0,,,,,,,
stage2_true_high_risk_pathogen_type,LogRegBalanced,34,3,5,0.47058823529411764,0.3235294117647059,0.3033008658008658,0.29827586206896556,0.324526707234618,0.2980769230769231,0.3033008658008658,0.48152918940962414,,1.0,,,,,,,
stage2_true_high_risk_pathogen_type,RandomForestBalanced,34,3,5,0.47058823529411764,0.4117647058823529,0.4004329004329004,0.3918793195108985,0.4075370578853551,0.3929738562091503,0.4004329004329004,0.49222905382325677,,1.0,,,,,,,
stage2_true_high_risk_pathogen_type,ExtraTreesBalanced,34,3,5,0.47058823529411764,0.38235294117647056,0.36228354978354976,0.3646155830753354,0.3905481697322892,0.37916666666666665,0.36228354978354976,0.5109527817861151,,1.0,,,,,,,
two_stage_cascade_high_risk_then_type,LogRegBalanced->LogRegBalanced,57,5,5,0.3684210526315789,0.2982456140350877,0.2274891774891775,0.22477889260497957,0.291865673101371,0.22380952380952382,0.2274891774891775,,,,0.5555555555555556,0.6060606060606061,0.38095238095238093,0.45,0.32745726495726496,20.0,36.0
two_stage_cascade_high_risk_then_type,LogRegBalanced->RandomForestBalanced,57,5,5,0.3684210526315789,0.19298245614035087,0.13544372294372295,0.1393989523021781,0.18851015047959022,0.16,0.13544372294372295,,,,0.5555555555555556,0.6060606060606061,0.38095238095238093,0.15,0.1341736694677871,20.0,36.0
two_stage_cascade_high_risk_then_type,LogRegBalanced->ExtraTreesBalanced,57,5,5,0.3684210526315789,0.2631578947368421,0.19112554112554112,0.18988304093567251,0.2581717451523546,0.19166666666666665,0.19112554112554112,,,,0.5555555555555556,0.6060606060606061,0.38095238095238093,0.35,0.2534090909090909,20.0,36.0
label_high_risk_pathogen_type,DummyMostFreq,55,4,5,0.38181818181818183,0.38181818181818183,0.25,0.13815789473684212,0.21100478468899525,0.09545454545454546,0.25,0.5,,0.8,,,,,,,
label_high_risk_pathogen_type,LogRegBalanced,55,4,5,0.38181818181818183,0.2727272727272727,0.2188176406926407,0.21641951429185474,0.26257937205712834,0.22188106011635422,0.2188176406926407,0.42250416139119346,,0.6909090909090909,,,,,,,
label_high_risk_pathogen_type,RandomForestBalanced,55,4,5,0.38181818181818183,0.21818181818181817,0.15029761904761904,0.12767295597484277,0.18287021154945685,0.11383928571428571,0.15029761904761904,0.4457798496067213,,0.8,,,,,,,
label_high_risk_pathogen_type,ExtraTreesBalanced,55,4,5,0.38181818181818183,0.34545454545454546,0.2664366883116883,0.2598039215686274,0.3237076648841355,0.27261904761904765,0.2664366883116883,0.4556562811074843,,0.7090909090909091,,,,,,,
label_danger_group,DummyMostFreq,55,5,5,0.2909090909090909,0.2,0.14326923076923076,0.09283819628647215,0.12664576802507838,0.07362637362637363,0.14326923076923076,0.46082875457875455,,0.4727272727272727,,,,,,,
label_danger_group,LogRegBalanced,55,5,5,0.2909090909090909,0.3090909090909091,0.2718531468531468,0.2649159663865546,0.30175706646294875,0.2594444444444445,0.2718531468531468,0.5248719124202683,,0.5818181818181818,,,,,,,
label_danger_group,RandomForestBalanced,55,5,5,0.2909090909090909,0.2545454545454545,0.20865384615384616,0.18558265582655825,0.2190293175659029,0.172,0.20865384615384616,0.48383070829879343,,0.7454545454545455,,,,,,,
label_danger_group,ExtraTreesBalanced,55,5,5,0.2909090909090909,0.32727272727272727,0.27867132867132866,0.26740829346092504,0.3105763375380601,0.2644183989385228,0.27867132867132866,0.5078017163365326,,0.6727272727272727,,,,,,,
label_3class,DummyMostFreq,57,2,5,0.8070175438596491,0.8070175438596491,0.5,0.44660194174757284,0.7208312042241526,0.40350877192982454,0.5,0.5,0.19298245614035087,,,,,,,,
label_3class,LogRegBalanced,57,2,5,0.8070175438596491,0.7368421052631579,0.5602766798418972,0.5622119815668203,0.7319912684938154,0.5648936170212766,0.5602766798418972,0.47332015810276684,0.21308489207098608,,,,,,,,
label_3class,RandomForestBalanced,57,2,5,0.8070175438596491,0.7368421052631579,0.49110671936758893,0.48150394178289874,0.7049248348281255,0.4852941176470588,0.49110671936758893,0.591897233201581,0.24106492658984707,,,,,,,,
label_3class,ExtraTreesBalanced,57,2,5,0.8070175438596491,0.7543859649122807,0.5365612648221344,0.5381944444444444,0.7322124756335282,0.5528571428571428,0.5365612648221344,0.6274703557312253,0.2646914340258293,,,,,,,,
label_clinical_group,DummyMostFreq,54,6,3,0.2962962962962963,0.2962962962962963,0.16666666666666666,0.07619047619047618,0.13544973544973546,0.04938271604938271,0.16666666666666666,0.5,,0.6111111111111112,,,,,,,
label_clinical_group,LogRegBalanced,54,6,3,0.2962962962962963,0.2222222222222222,0.1785563973063973,0.17845072239422086,0.22353514505217295,0.1798611111111111,0.1785563973063973,0.5104236966782182,,0.5185185185185185,,,,,,,
label_clinical_group,RandomForestBalanced,54,6,3,0.2962962962962963,0.14814814814814814,0.13078703703703703,0.11387515070987426,0.13311680322826702,0.10259740259740259,0.13078703703703703,0.44116874525752864,,0.46296296296296297,,,,,,,
label_clinical_group,ExtraTreesBalanced,54,6,3,0.2962962962962963,0.18518518518518517,0.148253367003367,0.1497113997113997,0.18667829084495752,0.1587418300653595,0.148253367003367,0.4703883562519066,,0.5740740740740741,,,,,,,
label_species_top,DummyMostFreq,57,6,3,0.43859649122807015,0.43859649122807015,0.16666666666666666,0.1016260162601626,0.26743688489516476,0.07309941520467836,0.16666666666666666,0.5,,0.7543859649122807,,,,,,,
label_species_top,LogRegBalanced,57,6,3,0.43859649122807015,0.2807017543859649,0.19999999999999998,0.19444444444444445,0.27923976608187134,0.19151138716356106,0.19999999999999998,0.4255433238165837,,0.631578947368421,,,,,,,
label_species_top,RandomForestBalanced,57,6,3,0.43859649122807015,0.2631578947368421,0.12833333333333333,0.11388888888888889,0.22514619883040937,0.10357142857142858,0.12833333333333333,0.6164184587442483,,0.7894736842105263,,,,,,,
label_species_top,ExtraTreesBalanced,57,6,3,0.43859649122807015,0.21052631578947367,0.10833333333333334,0.11538461538461538,0.21187584345479085,0.12839506172839507,0.10833333333333334,0.555564594246687,,0.7017543859649122,,,,,,,
label_species,DummyMostFreq,57,7,3,0.38596491228070173,0.38596491228070173,0.14285714285714285,0.07956600361663653,0.2149677992449478,0.05513784461152882,0.14285714285714285,0.5,,0.6140350877192983,,,,,,,
label_species,LogRegBalanced,57,7,3,0.38596491228070173,0.2631578947368421,0.19021335807050094,0.19370748299319726,0.27115705931495404,0.19852607709750567,0.19021335807050094,0.5157114143275344,,0.6666666666666666,,,,,,,
label_species,RandomForestBalanced,57,7,3,0.38596491228070173,0.3157894736842105,0.21125541125541125,0.21228183581124757,0.2922283083273796,0.2396825396825397,0.21125541125541125,0.6294605143472837,,0.7368421052631579,,,,,,,
label_species,ExtraTreesBalanced,57,7,3,0.38596491228070173,0.17543859649122806,0.08766233766233766,0.07976462896371363,0.16379621823437313,0.07359307359307359,0.08766233766233766,0.5642194186244126,,0.6842105263157895,,,,,,,
