name,auroc_mean,auroc_std,auprc_mean,f1_mean,accuracy_mean,fit_seconds,status
"ExtraTrees(n=300,depth=None,criterion=entropy)",0.8561,0.0258,0.9656,0.9258,0.8666,4.44,ok
"RandomForest(n=200,depth=15,criterion=gini)",0.8544,0.0263,0.9663,0.9277,0.8712,3.63,ok
"ExtraTrees(n=200,depth=None,criterion=entropy)",0.8543,0.0266,0.9642,0.9245,0.8642,2.72,ok
"LightGBM(n=200,depth=-1,lr=0.05)",0.8528,0.0298,0.9647,0.9314,0.8797,1.33,ok
"RandomForest(n=300,depth=10,criterion=entropy)",0.8525,0.0241,0.964,0.9305,0.8759,5.05,ok
"ExtraTrees(n=50,depth=None,criterion=entropy)",0.8525,0.0288,0.9632,0.9222,0.8603,0.84,ok
"RandomForest(n=300,depth=None,criterion=gini)",0.852,0.0278,0.9645,0.9276,0.8712,5.2,ok
"ExtraTrees(n=100,depth=None,criterion=entropy)",0.8519,0.0258,0.9637,0.9248,0.865,1.48,ok
"RandomForest(n=300,depth=15,criterion=gini)",0.8517,0.0278,0.965,0.9262,0.8689,5.06,ok
"RandomForest(n=200,depth=None,criterion=gini)",0.8514,0.0261,0.9645,0.9272,0.8704,3.38,ok
"ExtraTrees(n=300,depth=15,criterion=entropy)",0.8514,0.0242,0.9652,0.9237,0.8627,4.16,ok
"RandomForest(n=50,depth=15,criterion=gini)",0.8511,0.0205,0.9657,0.9287,0.8735,1.15,ok
"RandomForest(n=300,depth=None,criterion=entropy)",0.851,0.0266,0.9648,0.9287,0.8728,5.08,ok
"RandomForest(n=300,depth=15,criterion=entropy)",0.8502,0.0262,0.9649,0.9291,0.8735,5.13,ok
"ExtraTrees(n=300,depth=10,criterion=entropy)",0.85,0.0232,0.9647,0.9226,0.8596,4.01,ok
"LightGBM(n=100,depth=-1,lr=0.1)",0.8493,0.0295,0.9624,0.9299,0.8774,0.74,ok
"CatBoost(iter=300,depth=8,lr=0.1)",0.8493,0.0221,0.9639,0.9269,0.8704,12.23,ok
"LightGBM(n=100,depth=-1,lr=0.05)",0.8491,0.0316,0.9632,0.9316,0.8805,0.73,ok
"RandomForest(n=200,depth=None,criterion=entropy)",0.849,0.0256,0.9634,0.9277,0.8712,3.39,ok
"RandomForest(n=200,depth=10,criterion=gini)",0.8488,0.0257,0.965,0.9262,0.8681,3.45,ok
"LightGBM(n=50,depth=-1,lr=0.1)",0.8488,0.0301,0.9618,0.9268,0.872,0.43,ok
"RandomForest(n=200,depth=10,criterion=entropy)",0.8486,0.025,0.9629,0.9297,0.8743,3.57,ok
"ExtraTrees(n=200,depth=15,criterion=entropy)",0.8486,0.0249,0.9638,0.9242,0.8635,3.13,ok
"RandomForest(n=300,depth=5,criterion=entropy)",0.8485,0.0226,0.9635,0.9257,0.8658,5.35,ok
"RandomForest(n=200,depth=15,criterion=entropy)",0.8483,0.0255,0.9637,0.9282,0.872,3.51,ok
"RandomForest(n=300,depth=10,criterion=gini)",0.8481,0.0271,0.9645,0.927,0.8697,5.25,ok
"XGBoost(n=200,depth=6,lr=0.05)",0.848,0.024,0.965,0.93,0.8774,1.96,ok
"RandomForest(n=100,depth=15,criterion=gini)",0.8479,0.0263,0.9641,0.9263,0.8689,1.8,ok
"CatBoost(iter=200,depth=8,lr=0.1)",0.8475,0.0223,0.9639,0.9269,0.8704,8.19,ok
"CatBoost(iter=300,depth=8,lr=0.01)",0.847,0.0194,0.9644,0.9247,0.865,12.32,ok
"LightGBM(n=200,depth=-1,lr=0.1)",0.8466,0.032,0.9611,0.9287,0.8751,1.24,ok
"RandomForest(n=200,depth=5,criterion=entropy)",0.8465,0.0225,0.9629,0.9243,0.8635,3.48,ok
"ExtraTrees(n=300,depth=10,criterion=gini)",0.8463,0.0231,0.9643,0.9251,0.8642,4.18,ok
"ExtraTrees(n=300,depth=15,criterion=gini)",0.8463,0.0257,0.9634,0.9245,0.8642,4.36,ok
"RandomForest(n=200,depth=5,criterion=gini)",0.8459,0.0234,0.9631,0.9255,0.8658,3.53,ok
"ExtraTrees(n=200,depth=10,criterion=entropy)",0.8459,0.0218,0.9634,0.9235,0.8611,2.91,ok
"ExtraTrees(n=200,depth=10,criterion=gini)",0.8458,0.0237,0.964,0.9239,0.8619,2.95,ok
"RandomForest(n=50,depth=None,criterion=gini)",0.8457,0.0227,0.9621,0.9273,0.8712,1.02,ok
"RandomForest(n=100,depth=None,criterion=gini)",0.8454,0.0254,0.9624,0.9262,0.8689,2.0,ok
"XGBoost(n=100,depth=5,lr=0.1)",0.845,0.024,0.9635,0.9295,0.8767,0.86,ok
"CatBoost(iter=200,depth=8,lr=0.01)",0.845,0.0175,0.9635,0.925,0.865,8.34,ok
"XGBoost(n=100,depth=5,lr=0.05)",0.8449,0.0259,0.9637,0.9309,0.8782,0.92,ok
"CatBoost(iter=200,depth=6,lr=0.01)",0.8449,0.0158,0.9636,0.9262,0.8673,3.1,ok
"LightGBM(n=200,depth=3,lr=0.05)",0.8448,0.0211,0.963,0.9278,0.8735,0.39,ok
"LightGBM(n=50,depth=-1,lr=0.05)",0.8447,0.0311,0.9618,0.9291,0.8751,0.41,ok
"RandomForest(n=300,depth=5,criterion=gini)",0.8446,0.0257,0.963,0.9251,0.865,5.12,ok
"LightGBM(n=200,depth=-1,lr=0.01)",0.8444,0.0279,0.9627,0.9296,0.8751,1.16,ok
"ExtraTrees(n=300,depth=None,criterion=gini)",0.8443,0.0269,0.9627,0.9256,0.8666,5.12,ok
"LightGBM(n=100,depth=5,lr=0.05)",0.8442,0.032,0.9614,0.9321,0.8813,0.41,ok
"XGBoost(n=200,depth=5,lr=0.05)",0.8441,0.0279,0.9634,0.9297,0.8766,1.77,ok
"RandomForest(n=100,depth=15,criterion=entropy)",0.8439,0.0308,0.9627,0.9277,0.8712,1.9,ok
"CatBoost(iter=200,depth=8,lr=0.05)",0.8438,0.0228,0.9631,0.9234,0.8642,8.42,ok
"LightGBM(n=200,depth=7,lr=0.1)",0.8437,0.0207,0.9627,0.9301,0.8774,0.88,ok
"XGBoost(n=50,depth=5,lr=0.1)",0.8435,0.0236,0.9625,0.9306,0.8782,0.66,ok
"XGBoost(n=100,depth=6,lr=0.05)",0.8432,0.0222,0.9632,0.9315,0.8798,1.15,ok
"LightGBM(n=200,depth=7,lr=0.05)",0.8432,0.022,0.9616,0.9282,0.8743,0.88,ok
"CatBoost(iter=300,depth=6,lr=0.01)",0.8432,0.0162,0.9631,0.9257,0.8673,4.39,ok
"RandomForest(n=100,depth=10,criterion=entropy)",0.8429,0.0273,0.9612,0.9248,0.8658,1.83,ok
"RandomForest(n=100,depth=5,criterion=entropy)",0.8428,0.0255,0.9617,0.9234,0.8619,1.89,ok
"ExtraTrees(n=100,depth=10,criterion=entropy)",0.8428,0.0218,0.9631,0.9229,0.8603,1.52,ok
"RandomForest(n=100,depth=None,criterion=entropy)",0.8427,0.0312,0.9619,0.9294,0.8743,1.85,ok
"ExtraTrees(n=300,depth=5,criterion=gini)",0.8424,0.0182,0.9624,0.916,0.8456,4.49,ok
"XGBoost(n=100,depth=6,lr=0.1)",0.8424,0.0192,0.9628,0.9298,0.8767,1.06,ok
"XGBoost(n=200,depth=5,lr=0.1)",0.8424,0.0263,0.9622,0.9294,0.8766,1.48,ok
"XGBoost(n=200,depth=6,lr=0.1)",0.8423,0.0187,0.9631,0.9291,0.8759,1.64,ok
"CatBoost(iter=300,depth=4,lr=0.01)",0.8423,0.0193,0.9623,0.9262,0.8681,2.2,ok
"CatBoost(iter=300,depth=8,lr=0.05)",0.8423,0.0233,0.9628,0.9231,0.8635,12.17,ok
"LightGBM(n=50,depth=5,lr=0.1)",0.8422,0.0277,0.9608,0.9286,0.8743,0.26,ok
"ExtraTrees(n=300,depth=5,criterion=entropy)",0.8421,0.0158,0.9624,0.916,0.8456,4.45,ok
"LightGBM(n=50,depth=5,lr=0.05)",0.842,0.0285,0.9613,0.9306,0.8774,0.25,ok
"ExtraTrees(n=200,depth=15,criterion=gini)",0.8419,0.0258,0.9617,0.9249,0.865,3.1,ok
"LightGBM(n=100,depth=7,lr=0.05)",0.8419,0.0252,0.9607,0.9282,0.8743,0.53,ok
"LightGBM(n=200,depth=5,lr=0.05)",0.8419,0.0243,0.9617,0.9288,0.8759,0.62,ok
"ExtraTrees(n=50,depth=15,criterion=entropy)",0.8418,0.0302,0.9619,0.9249,0.865,0.86,ok
"ExtraTrees(n=100,depth=15,criterion=entropy)",0.8418,0.0252,0.9617,0.9247,0.8642,1.55,ok
"RandomForest(n=100,depth=5,criterion=gini)",0.8417,0.0245,0.9622,0.9248,0.8642,2.12,ok
"LightGBM(n=100,depth=3,lr=0.05)",0.8416,0.0225,0.9615,0.9291,0.8751,0.25,ok
"LightGBM(n=100,depth=7,lr=0.1)",0.8416,0.0245,0.9618,0.9297,0.8766,0.51,ok
"RandomForest(n=50,depth=5,criterion=entropy)",0.8415,0.0275,0.962,0.9236,0.8627,1.07,ok
"XGBoost(n=50,depth=5,lr=0.05)",0.8415,0.0254,0.9623,0.9326,0.8805,0.63,ok
"CatBoost(iter=100,depth=8,lr=0.01)",0.8415,0.0173,0.9625,0.9214,0.858,4.54,ok
"XGBoost(n=50,depth=6,lr=0.1)",0.8412,0.022,0.9624,0.9306,0.8782,0.68,ok
"CatBoost(iter=200,depth=4,lr=0.05)",0.8412,0.0262,0.9629,0.9258,0.8696,1.55,ok
"CatBoost(iter=100,depth=6,lr=0.01)",0.8409,0.0184,0.9615,0.9242,0.8627,1.66,ok
"CatBoost(iter=100,depth=8,lr=0.1)",0.8408,0.0144,0.9612,0.9282,0.8728,4.24,ok
"ExtraTrees(n=200,depth=None,criterion=gini)",0.8407,0.0271,0.9614,0.9248,0.865,2.8,ok
"ExtraTrees(n=200,depth=5,criterion=gini)",0.8407,0.0207,0.9618,0.9164,0.8464,2.72,ok
"LightGBM(n=50,depth=7,lr=0.05)",0.8407,0.0284,0.9603,0.9277,0.8728,0.34,ok
"CatBoost(iter=300,depth=4,lr=0.05)",0.8404,0.0286,0.9631,0.9274,0.8728,2.24,ok
"XGBoost(n=100,depth=4,lr=0.1)",0.8402,0.0253,0.9615,0.9287,0.8751,0.69,ok
"ExtraTrees(n=100,depth=10,criterion=gini)",0.8401,0.025,0.9623,0.9238,0.8619,1.53,ok
"ExtraTrees(n=200,depth=5,criterion=entropy)",0.8401,0.0184,0.962,0.9164,0.8464,2.79,ok
"CatBoost(iter=200,depth=4,lr=0.01)",0.8397,0.0188,0.9611,0.922,0.8596,1.58,ok
"ExtraTrees(n=50,depth=10,criterion=entropy)",0.8396,0.0227,0.9619,0.9237,0.8619,0.85,ok
"XGBoost(n=50,depth=4,lr=0.1)",0.8396,0.0219,0.9622,0.9285,0.8743,0.46,ok
"LightGBM(n=100,depth=5,lr=0.1)",0.8396,0.0286,0.9607,0.9283,0.8743,0.38,ok
"LightGBM(n=200,depth=5,lr=0.01)",0.8396,0.0264,0.9602,0.928,0.872,0.7,ok
"LightGBM(n=100,depth=3,lr=0.1)",0.8395,0.0199,0.9613,0.927,0.872,0.27,ok
"CatBoost(iter=300,depth=6,lr=0.05)",0.8395,0.0212,0.9625,0.9245,0.8665,4.33,ok
"LightGBM(n=50,depth=3,lr=0.05)",0.8394,0.0225,0.9607,0.9296,0.8751,0.2,ok
"LightGBM(n=50,depth=7,lr=0.1)",0.8392,0.0216,0.9604,0.9275,0.8728,0.32,ok
"RandomForest(n=100,depth=10,criterion=gini)",0.8391,0.0309,0.9608,0.9256,0.8673,2.02,ok
"CatBoost(iter=200,depth=6,lr=0.05)",0.8388,0.0204,0.9615,0.9249,0.8673,3.1,ok
"LightGBM(n=200,depth=3,lr=0.01)",0.8387,0.0228,0.9601,0.9255,0.8673,0.91,ok
"LogisticRegression(C=0.01,solver=liblinear)",0.8385,0.006,0.9613,0.92,0.8611,0.14,ok
"GradBoost(n=100,lr=0.1,depth=2)",0.8383,0.018,0.9612,0.924,0.8666,3.54,ok
"CatBoost(iter=100,depth=4,lr=0.05)",0.8383,0.0224,0.9605,0.9247,0.8665,0.91,ok
"CatBoost(iter=100,depth=6,lr=0.05)",0.8383,0.024,0.9601,0.926,0.8689,1.66,ok
"RandomForest(n=50,depth=10,criterion=entropy)",0.8382,0.0226,0.9605,0.9247,0.8658,1.11,ok
"XGBoost(n=50,depth=6,lr=0.05)",0.8382,0.0221,0.9615,0.9328,0.8813,0.86,ok
"LightGBM(n=200,depth=5,lr=0.1)",0.838,0.0269,0.9609,0.9277,0.8735,0.66,ok
"RandomForest(n=50,depth=5,criterion=gini)",0.8378,0.0208,0.9612,0.9264,0.8673,1.07,ok
"XGBoost(n=100,depth=3,lr=0.05)",0.8375,0.0196,0.9604,0.9319,0.8805,0.53,ok
"XGBoost(n=200,depth=4,lr=0.1)",0.8375,0.0244,0.9614,0.9283,0.8743,1.18,ok
"LightGBM(n=50,depth=3,lr=0.1)",0.8374,0.0198,0.961,0.9277,0.8728,0.2,ok
"LightGBM(n=200,depth=7,lr=0.01)",0.8373,0.0282,0.9598,0.9296,0.8751,1.0,ok
"CatBoost(iter=100,depth=8,lr=0.05)",0.8371,0.0249,0.9605,0.9246,0.8658,4.15,ok
"RandomForest(n=50,depth=10,criterion=gini)",0.8369,0.0314,0.961,0.9253,0.8673,1.16,ok
"XGBoost(n=200,depth=5,lr=0.01)",0.8368,0.0237,0.9603,0.9302,0.8759,1.88,ok
"ExtraTrees(n=100,depth=5,criterion=entropy)",0.8363,0.0169,0.9606,0.9159,0.8456,1.53,ok
"GradBoost(n=200,lr=0.05,depth=2)",0.8363,0.0202,0.9605,0.9249,0.8681,7.15,ok
"CatBoost(iter=100,depth=4,lr=0.01)",0.8361,0.0187,0.9595,0.9218,0.858,0.99,ok
"XGBoost(n=100,depth=4,lr=0.05)",0.8359,0.0243,0.9601,0.932,0.8805,0.69,ok
"XGBoost(n=200,depth=6,lr=0.01)",0.8359,0.0301,0.9595,0.9315,0.8782,2.37,ok
"XGBoost(n=100,depth=3,lr=0.1)",0.8358,0.0182,0.9591,0.9278,0.8735,0.54,ok
"ExtraTrees(n=100,depth=None,criterion=gini)",0.8357,0.026,0.9569,0.9235,0.8627,1.51,ok
"ExtraTrees(n=100,depth=15,criterion=gini)",0.8355,0.0237,0.9602,0.9205,0.8572,1.56,ok
"GradBoost(n=100,lr=0.05,depth=3)",0.8348,0.0133,0.9597,0.9295,0.8759,5.37,ok
"RandomForest(n=50,depth=15,criterion=entropy)",0.8347,0.0305,0.9588,0.9288,0.8735,1.07,ok
"XGBoost(n=50,depth=3,lr=0.05)",0.8347,0.0192,0.9591,0.9295,0.8751,0.4,ok
"XGBoost(n=50,depth=4,lr=0.05)",0.8347,0.023,0.9593,0.9334,0.8821,0.47,ok
"CatBoost(iter=100,depth=4,lr=0.1)",0.8347,0.0239,0.9575,0.9253,0.8689,0.89,ok
"AdaBoost(n=200,lr=0.5)",0.8346,0.0187,0.9598,0.925,0.8689,5.88,ok
"LightGBM(n=100,depth=-1,lr=0.01)",0.8346,0.0317,0.9599,0.9289,0.872,0.67,ok
"XGBoost(n=50,depth=3,lr=0.1)",0.8344,0.0186,0.9595,0.9319,0.8805,0.4,ok
"XGBoost(n=200,depth=4,lr=0.05)",0.8343,0.0244,0.9598,0.9287,0.8751,1.21,ok
"XGBoost(n=200,depth=3,lr=0.05)",0.8342,0.0196,0.9586,0.929,0.8759,1.05,ok
"LogisticRegression(C=0.01,solver=lbfgs)",0.8341,0.0075,0.9598,0.9188,0.8549,0.11,ok
"ExtraTrees(n=100,depth=5,criterion=gini)",0.8339,0.0219,0.9591,0.9155,0.8448,1.45,ok
"CatBoost(iter=300,depth=6,lr=0.1)",0.8339,0.0213,0.9619,0.9263,0.8704,4.43,ok
"XGBoost(n=200,depth=4,lr=0.01)",0.8336,0.0221,0.9591,0.9349,0.8844,1.24,ok
"XGBoost(n=200,depth=3,lr=0.01)",0.8333,0.0186,0.9587,0.929,0.8735,1.09,ok
"RandomForest(n=50,depth=None,criterion=entropy)",0.8332,0.0298,0.9571,0.9287,0.8735,1.05,ok
"ExtraTrees(n=50,depth=10,criterion=gini)",0.8332,0.0262,0.9608,0.9225,0.8596,0.85,ok
"AdaBoost(n=100,lr=0.5)",0.833,0.0153,0.9593,0.9226,0.8642,2.85,ok
"SGDClassifier(loss=log_loss,alpha=0.1)",0.8327,0.0085,0.9593,0.9193,0.8557,0.11,ok
"AdaBoost(n=200,lr=1.0)",0.8322,0.0205,0.9594,0.9211,0.8635,5.69,ok
"AdaBoost(n=200,lr=0.1)",0.832,0.0169,0.9575,0.926,0.8666,5.66,ok
"GradBoost(n=200,lr=0.05,depth=3)",0.8319,0.0174,0.9589,0.9276,0.8728,10.31,ok
"ExtraTrees(n=50,depth=15,criterion=gini)",0.8318,0.0213,0.9595,0.9213,0.8588,0.9,ok
"GradBoost(n=50,lr=0.2,depth=3)",0.8316,0.0188,0.9585,0.9253,0.8697,2.61,ok
"GradBoost(n=50,lr=0.1,depth=3)",0.8315,0.015,0.9587,0.9294,0.8759,2.59,ok
"GradBoost(n=50,lr=0.2,depth=4)",0.8314,0.0085,0.959,0.9178,0.8565,3.44,ok
"GradBoost(n=200,lr=0.1,depth=2)",0.8314,0.0186,0.9586,0.9231,0.8658,7.35,ok
"AdaBoost(n=50,lr=0.5)",0.8312,0.0177,0.957,0.9228,0.8642,1.5,ok
"CatBoost(iter=200,depth=4,lr=0.1)",0.8312,0.0246,0.9583,0.9257,0.8696,1.58,ok
RidgeClassifier(alpha=100),0.831,0.0152,0.9558,0.9214,0.8596,0.11,ok
"GradBoost(n=100,lr=0.05,depth=4)",0.831,0.0173,0.9575,0.9315,0.8798,6.79,ok
"CatBoost(iter=200,depth=6,lr=0.1)",0.8307,0.0191,0.9603,0.9274,0.872,3.06,ok
"GradBoost(n=100,lr=0.1,depth=3)",0.8306,0.0169,0.9586,0.9282,0.8743,5.2,ok
"LightGBM(n=200,depth=3,lr=0.1)",0.8305,0.0196,0.9593,0.9241,0.8673,0.38,ok
"XGBoost(n=200,depth=3,lr=0.1)",0.8303,0.0222,0.9579,0.9303,0.8782,0.9,ok
"LightGBM(n=100,depth=3,lr=0.01)",0.8303,0.0262,0.9564,0.9223,0.8588,0.26,ok
"CatBoost(iter=100,depth=6,lr=0.1)",0.8301,0.0224,0.9594,0.9289,0.8743,1.73,ok
"CatBoost(iter=300,depth=4,lr=0.1)",0.8298,0.0238,0.9587,0.9242,0.8673,2.15,ok
"ExtraTrees(n=50,depth=5,criterion=entropy)",0.8295,0.0194,0.9588,0.9155,0.8448,0.86,ok
"SVC(kernel=rbf,C=1)",0.8293,0.0231,0.9583,0.9221,0.8596,0.91,ok
"GradBoost(n=100,lr=0.1,depth=4)",0.8292,0.0179,0.9575,0.9289,0.8759,6.68,ok
"LightGBM(n=100,depth=7,lr=0.01)",0.8292,0.0273,0.9572,0.9272,0.8689,0.53,ok
"GradBoost(n=50,lr=0.1,depth=2)",0.8291,0.0164,0.9576,0.9218,0.8619,1.82,ok
"GradBoost(n=100,lr=0.05,depth=2)",0.829,0.0158,0.9587,0.9245,0.8666,4.67,ok
"SVC(kernel=rbf,C=0.1)",0.829,0.0242,0.9582,0.9141,0.8417,0.86,ok
"GradBoost(n=200,lr=0.05,depth=4)",0.8287,0.02,0.9563,0.9293,0.8766,14.15,ok
"GradBoost(n=50,lr=0.2,depth=2)",0.8285,0.021,0.958,0.9258,0.8697,1.84,ok
"GradBoost(n=50,lr=0.1,depth=4)",0.8282,0.0122,0.9571,0.9265,0.8712,3.38,ok
"GradBoost(n=100,lr=0.2,depth=2)",0.8282,0.0247,0.9588,0.9244,0.8681,3.58,ok
"LightGBM(n=100,depth=5,lr=0.01)",0.8276,0.0292,0.9558,0.9273,0.8689,0.4,ok
"ExtraTrees(n=50,depth=5,criterion=gini)",0.8273,0.0239,0.958,0.9159,0.8456,0.85,ok
"AdaBoost(n=100,lr=1.0)",0.8272,0.016,0.9584,0.9221,0.865,2.86,ok
"GradBoost(n=200,lr=0.2,depth=2)",0.8269,0.0195,0.9576,0.9231,0.8658,7.36,ok
"LogisticRegression(C=0.1,solver=liblinear)",0.8268,0.018,0.9554,0.9194,0.8588,0.14,ok
"GradBoost(n=100,lr=0.2,depth=3)",0.8266,0.0198,0.9554,0.926,0.8712,5.18,ok
"GradBoost(n=100,lr=0.2,depth=4)",0.8266,0.0061,0.9578,0.9194,0.8596,6.88,ok
"GradBoost(n=200,lr=0.01,depth=4)",0.8265,0.0164,0.9545,0.9288,0.8736,13.25,ok
"GradBoost(n=200,lr=0.01,depth=3)",0.826,0.0199,0.9551,0.93,0.8751,10.27,ok
"XGBoost(n=100,depth=5,lr=0.01)",0.8259,0.0287,0.9547,0.9216,0.858,0.98,ok
"LogisticRegression(C=0.1,solver=lbfgs)",0.8257,0.0185,0.9557,0.9179,0.8557,0.12,ok
"AdaBoost(n=100,lr=0.1)",0.8256,0.0162,0.9562,0.9212,0.8573,2.89,ok
"GradBoost(n=50,lr=0.05,depth=3)",0.8255,0.0168,0.9557,0.9302,0.8759,2.62,ok
"GradBoost(n=50,lr=0.05,depth=4)",0.8255,0.0166,0.9545,0.9276,0.872,3.38,ok
"GradBoost(n=200,lr=0.1,depth=3)",0.8254,0.018,0.956,0.9253,0.8697,10.41,ok
"XGBoost(n=100,depth=6,lr=0.01)",0.8251,0.0341,0.9532,0.9258,0.8658,1.27,ok
"SGDClassifier(loss=log_loss,alpha=0.01)",0.8242,0.0219,0.9545,0.919,0.8572,0.14,ok
"XGBoost(n=100,depth=3,lr=0.01)",0.8241,0.0192,0.954,0.9203,0.8549,0.55,ok
"AdaBoost(n=50,lr=1.0)",0.8235,0.0211,0.9555,0.919,0.8588,1.52,ok
RidgeClassifier(alpha=10),0.8229,0.0148,0.9517,0.9184,0.8549,0.11,ok
"GradBoost(n=200,lr=0.2,depth=4)",0.8229,0.014,0.9548,0.923,0.8658,13.85,ok
"XGBoost(n=100,depth=4,lr=0.01)",0.8221,0.0259,0.9519,0.9237,0.8619,0.72,ok
"GradBoost(n=200,lr=0.2,depth=3)",0.8213,0.0209,0.953,0.9249,0.8697,10.8,ok
"ExtraTrees(n=50,depth=None,criterion=gini)",0.8211,0.0271,0.9513,0.9241,0.8642,0.93,ok
"GradBoost(n=200,lr=0.1,depth=4)",0.821,0.0215,0.9535,0.9272,0.8728,13.7,ok
"AdaBoost(n=50,lr=0.1)",0.8204,0.0163,0.9556,0.9202,0.8549,1.51,ok
"LightGBM(n=50,depth=-1,lr=0.01)",0.8194,0.0321,0.9554,0.9141,0.8417,0.39,ok
"GradBoost(n=50,lr=0.05,depth=2)",0.8193,0.0208,0.9534,0.9244,0.865,1.81,ok
"SGDClassifier(loss=hinge,alpha=0.1)",0.8192,0.0206,0.9514,0.9215,0.8596,0.14,ok
"LightGBM(n=50,depth=7,lr=0.01)",0.8186,0.0291,0.955,0.9141,0.8417,0.32,ok
RidgeClassifier(alpha=1),0.8183,0.013,0.9501,0.9183,0.8549,0.11,ok
"GradBoost(n=200,lr=0.01,depth=2)",0.8183,0.0236,0.9525,0.9253,0.8658,7.18,ok
"SGDClassifier(loss=modified_huber,alpha=0.1)",0.8176,0.0246,0.9522,0.9201,0.8588,0.15,ok
RidgeClassifier(alpha=0.1),0.8162,0.0125,0.9495,0.9179,0.8541,0.12,ok
"LogisticRegression(C=1,solver=liblinear)",0.8161,0.0206,0.9518,0.9184,0.8572,0.17,ok
RidgeClassifier(alpha=0.01),0.8158,0.0125,0.9494,0.9179,0.8541,0.12,ok
"GradBoost(n=100,lr=0.01,depth=3)",0.8155,0.0223,0.9489,0.9265,0.8673,5.37,ok
"LogisticRegression(C=1,solver=lbfgs)",0.8154,0.021,0.9516,0.9184,0.8572,0.2,ok
"SVC(kernel=rbf,C=10)",0.8151,0.024,0.9564,0.9149,0.8518,1.05,ok
"LightGBM(n=50,depth=3,lr=0.01)",0.8128,0.0345,0.9473,0.9141,0.8417,0.22,ok
"SVC(kernel=linear,C=0.1)",0.8117,0.02,0.9486,0.9204,0.8588,0.63,ok
"SGDClassifier(loss=hinge,alpha=0.01)",0.8114,0.0232,0.9483,0.9193,0.8572,0.15,ok
"GradBoost(n=100,lr=0.01,depth=4)",0.8104,0.0155,0.9461,0.9275,0.8697,7.37,ok
"LightGBM(n=50,depth=5,lr=0.01)",0.8074,0.0337,0.946,0.9141,0.8417,0.27,ok
"LogisticRegression(C=10,solver=liblinear)",0.8065,0.0209,0.9492,0.9192,0.8588,0.2,ok
"LogisticRegression(C=10,solver=lbfgs)",0.8064,0.0205,0.9491,0.9196,0.8596,0.16,ok
"XGBoost(n=50,depth=5,lr=0.01)",0.8058,0.0393,0.9461,0.9141,0.8417,0.66,ok
"XGBoost(n=50,depth=4,lr=0.01)",0.8047,0.032,0.9449,0.9141,0.8417,0.47,ok
GaussianNB,0.8042,0.0207,0.9502,0.896,0.8246,0.1,ok
"XGBoost(n=50,depth=3,lr=0.01)",0.8039,0.0314,0.9439,0.9141,0.8417,0.44,ok
"LogisticRegression(C=100,solver=liblinear)",0.8038,0.021,0.9486,0.9197,0.8596,0.25,ok
"XGBoost(n=50,depth=6,lr=0.01)",0.8034,0.0401,0.945,0.9141,0.8417,0.82,ok
"LogisticRegression(C=100,solver=lbfgs)",0.8033,0.0207,0.9484,0.9197,0.8596,0.17,ok
"MLP(hidden=(50,),alpha=0.0001)",0.8033,0.0246,0.9497,0.9073,0.8417,7.53,ok
"GradBoost(n=100,lr=0.01,depth=2)",0.8029,0.0265,0.9453,0.9177,0.8495,3.65,ok
"MLP(hidden=(50,),alpha=0.01)",0.8028,0.0232,0.9493,0.906,0.8402,7.43,ok
"MLP(hidden=(50,),alpha=0.001)",0.8024,0.0245,0.9495,0.9071,0.8417,7.41,ok
"GradBoost(n=50,lr=0.01,depth=3)",0.8015,0.0372,0.9426,0.9141,0.8417,2.63,ok
"SVC(kernel=linear,C=1)",0.8,0.0205,0.9454,0.9179,0.8549,2.64,ok
"MLP(hidden=(50, 50),alpha=0.001)",0.7986,0.0227,0.9478,0.9032,0.8355,4.48,ok
"MLP(hidden=(50, 50),alpha=0.01)",0.7977,0.0219,0.9472,0.9065,0.841,4.55,ok
"KNN(k=21,weights=distance)",0.7971,0.0527,0.942,0.9202,0.8549,0.15,ok
"MLP(hidden=(50, 50),alpha=0.0001)",0.7966,0.0222,0.9472,0.9048,0.8379,4.52,ok
"KNN(k=21,weights=uniform)",0.7965,0.0527,0.9377,0.9202,0.8549,0.14,ok
"SVC(kernel=rbf,C=100)",0.7963,0.0251,0.9518,0.9038,0.834,1.12,ok
"SVC(kernel=linear,C=10)",0.7959,0.0241,0.9444,0.9196,0.858,29.38,ok
"GradBoost(n=50,lr=0.01,depth=2)",0.7948,0.0294,0.9385,0.9141,0.8417,1.85,ok
"SVC(kernel=linear,C=100)",0.7947,0.0251,0.9443,0.9199,0.8588,288.93,ok
"SGDClassifier(loss=log_loss,alpha=0.001)",0.7942,0.0281,0.9434,0.9154,0.8526,0.17,ok
"SVC(kernel=poly,C=0.1)",0.7878,0.0225,0.9324,0.9152,0.8456,0.55,ok
"SGDClassifier(loss=modified_huber,alpha=0.01)",0.7863,0.0295,0.9401,0.9162,0.8541,0.14,ok
"SVC(kernel=poly,C=1)",0.7861,0.0334,0.9319,0.9209,0.8588,0.63,ok
"MLP(hidden=(100, 50),alpha=0.001)",0.7859,0.0228,0.944,0.9049,0.8371,5.17,ok
"MLP(hidden=(100, 50),alpha=0.01)",0.7859,0.023,0.9444,0.9055,0.8379,5.26,ok
"MLP(hidden=(100, 50),alpha=0.0001)",0.785,0.0233,0.9428,0.9054,0.8379,5.38,ok
"MLP(hidden=(100,),alpha=0.01)",0.7836,0.034,0.942,0.9064,0.8394,8.09,ok
"KNN(k=15,weights=uniform)",0.7819,0.0541,0.9312,0.9199,0.8549,0.15,ok
"KNN(k=15,weights=distance)",0.7809,0.0546,0.9348,0.9199,0.8549,0.15,ok
"MLP(hidden=(100,),alpha=0.001)",0.7801,0.0307,0.9406,0.9054,0.8379,7.57,ok
"MLP(hidden=(100,),alpha=0.0001)",0.78,0.0307,0.9405,0.9077,0.8417,7.73,ok
"GradBoost(n=50,lr=0.01,depth=4)",0.7786,0.0223,0.9312,0.9141,0.8417,3.35,ok
"SGDClassifier(loss=hinge,alpha=0.001)",0.7696,0.0275,0.9339,0.913,0.8495,0.15,ok
"KNN(k=11,weights=distance)",0.763,0.0603,0.9274,0.9218,0.8588,0.14,ok
"KNN(k=11,weights=uniform)",0.7623,0.0626,0.9235,0.9218,0.8588,0.14,ok
"SVC(kernel=poly,C=10)",0.7587,0.0387,0.9211,0.9161,0.8541,0.81,ok
"KNN(k=9,weights=distance)",0.7545,0.0499,0.9238,0.9217,0.8588,0.14,ok
"KNN(k=9,weights=uniform)",0.7541,0.0497,0.9199,0.9217,0.8588,0.13,ok
"DecisionTree(depth=3,criterion=entropy)",0.7431,0.0266,0.9184,0.919,0.858,0.14,ok
"SGDClassifier(loss=modified_huber,alpha=0.0001)",0.7427,0.0785,0.9231,0.8807,0.8022,0.13,ok
"KNN(k=7,weights=distance)",0.738,0.0445,0.9166,0.9207,0.8572,0.15,ok
"DecisionTree(depth=4,criterion=entropy)",0.7356,0.018,0.9156,0.9172,0.8565,0.16,ok
"DecisionTree(depth=3,criterion=gini)",0.7346,0.0297,0.9135,0.9181,0.8565,0.14,ok
"KNN(k=7,weights=uniform)",0.7339,0.0452,0.9123,0.9207,0.8572,0.13,ok
"DecisionTree(depth=5,criterion=entropy)",0.7325,0.0256,0.9122,0.9108,0.8464,0.18,ok
"SGDClassifier(loss=log_loss,alpha=0.0001)",0.7259,0.0362,0.9169,0.8777,0.7983,0.17,ok
"KNN(k=5,weights=distance)",0.7222,0.0419,0.9101,0.9202,0.8572,0.14,ok
"SVC(kernel=poly,C=100)",0.7218,0.0551,0.9052,0.9106,0.8464,0.93,ok
"DecisionTree(depth=2,criterion=entropy)",0.7201,0.0378,0.907,0.923,0.8635,0.11,ok
"KNN(k=5,weights=uniform)",0.7172,0.0425,0.9061,0.9202,0.8572,0.14,ok
"DecisionTree(depth=2,criterion=gini)",0.7102,0.0389,0.9044,0.922,0.8611,0.11,ok
"SGDClassifier(loss=hinge,alpha=0.0001)",0.7079,0.0476,0.9079,0.8806,0.7999,0.12,ok
"KNN(k=3,weights=distance)",0.7055,0.0339,0.9045,0.9195,0.8572,0.13,ok
"DecisionTree(depth=6,criterion=entropy)",0.7052,0.0293,0.9031,0.904,0.8355,0.19,ok
"KNN(k=3,weights=uniform)",0.7048,0.0364,0.9015,0.9195,0.8572,0.18,ok
"DecisionTree(depth=5,criterion=gini)",0.7001,0.0392,0.9034,0.9137,0.8503,0.17,ok
"DecisionTree(depth=4,criterion=gini)",0.6928,0.0245,0.9026,0.9085,0.841,0.15,ok
"SGDClassifier(loss=modified_huber,alpha=0.001)",0.6859,0.0828,0.9078,0.8852,0.806,0.14,ok
"DecisionTree(depth=None,criterion=gini)",0.661,0.0438,0.8875,0.8845,0.8076,0.3,ok
"DecisionTree(depth=8,criterion=entropy)",0.6575,0.0471,0.8867,0.8942,0.82,0.2,ok
"DecisionTree(depth=8,criterion=gini)",0.6572,0.0721,0.8898,0.9036,0.8355,0.21,ok
"DecisionTree(depth=6,criterion=gini)",0.6418,0.0615,0.8847,0.9107,0.8456,0.18,ok
"DecisionTree(depth=10,criterion=entropy)",0.636,0.0358,0.8796,0.8895,0.813,0.21,ok
"DecisionTree(depth=None,criterion=entropy)",0.6336,0.0274,0.8791,0.8884,0.8115,0.21,ok
"DecisionTree(depth=10,criterion=gini)",0.5841,0.0714,0.8628,0.8997,0.8285,0.23,ok
BernoulliNB(alpha=1.0),0.5608,0.0448,0.8594,0.9141,0.8417,0.09,ok
BernoulliNB(alpha=2.0),0.5608,0.0448,0.8594,0.9141,0.8417,0.09,ok
BernoulliNB(alpha=0.1),0.557,0.0494,0.8583,0.9141,0.8417,0.1,ok
BernoulliNB(alpha=0.5),0.5568,0.0494,0.8582,0.9141,0.8417,0.1,ok
